Study,Year,DOI_or_ID,Source_URL,Source_Access,Source_File,Inclusion_Tier,Reliability_Tier,Mn_wt,C_wt,Al_wt,Si_wt,Cu_wt,Ni_wt,Cr_wt,Mo_wt,Nb_wt,V_wt,T_anneal_C,Time_sec,RA_fraction,RA_pct,Measurement_Method,Data_Quality,Initial_Condition,Source_Ref,Extraction_Note,ML_Ready,Row_Key
sun_2021_art,2021.0,10.13228/j.boyuan.issn0449-749x.20200558,https://www.researchgate.net/publication/350654240_Microstructure_and_properties_of_Fe-Mn-C_medium-Mn_steel_processed_by_ART-annealing,open_fulltext_researchgate,open_access_verified_additions.csv,core_exact,experimental_core_exact,4.98,0.2,0.0,0.0,0.0,0.0,0.0,,,,650.0,60.0,0.184,18.4,XRD,table,air-cooled after 750C austenitization,Table 1,Fe-5Mn-0.2C ART annealed at 650C for 1 min; table gives RA volume percent 18.4.,True,sun_2021_art|4.98|0.2|0.0|0.0|650.0|60.0|0.184|xrd
sun_2021_art,2021.0,10.13228/j.boyuan.issn0449-749x.20200558,https://www.researchgate.net/publication/350654240_Microstructure_and_properties_of_Fe-Mn-C_medium-Mn_steel_processed_by_ART-annealing,open_fulltext_researchgate,open_access_verified_additions.csv,core_exact,experimental_core_exact,4.98,0.2,0.0,0.0,0.0,0.0,0.0,,,,650.0,600.0,0.212,21.2,XRD,table,air-cooled after 750C austenitization,Table 1,Fe-5Mn-0.2C ART annealed at 650C for 10 min; table gives RA volume percent 21.2.,True,sun_2021_art|4.98|0.2|0.0|0.0|650.0|600.0|0.212|xrd
sun_2021_art,2021.0,10.13228/j.boyuan.issn0449-749x.20200558,https://www.researchgate.net/publication/350654240_Microstructure_and_properties_of_Fe-Mn-C_medium-Mn_steel_processed_by_ART-annealing,open_fulltext_researchgate,open_access_verified_additions.csv,core_exact,experimental_core_exact,4.98,0.2,0.0,0.0,0.0,0.0,0.0,,,,650.0,21600.0,0.336,33.6,XRD,table,air-cooled after 750C austenitization,Table 1,Fe-5Mn-0.2C ART annealed at 650C for 360 min; table gives RA volume percent 33.6.,True,sun_2021_art|4.98|0.2|0.0|0.0|650.0|21600.0|0.336|xrd
yan_2022_cu,2022.0,10.3390/ma15228271,https://www.mdpi.com/1996-1944/15/22/8271,open_access_mdpi,open_access_verified_additions.csv,core_exact,experimental_core_exact,6.94,0.387,3.86,0.0,3.04,0.0,0.0,,,,650.0,3600.0,0.105,10.5,EBSD,text_reported,cold-rolled then IA,Results section / Figure 4 text,3Cu650 average austenite grain size and volume fraction reported as 0.32 um and 10.5 percent.,True,yan_2022_cu|6.94|0.387|3.86|0.0|650.0|3600.0|0.105|ebsd
yan_2022_cu,2022.0,10.3390/ma15228271,https://www.mdpi.com/1996-1944/15/22/8271,open_access_mdpi,open_access_verified_additions.csv,core_exact,experimental_core_exact,6.94,0.387,3.86,0.0,3.04,0.0,0.0,,,,670.0,3600.0,0.28,28.0,EBSD,text_reported,cold-rolled then IA,Results section / Figure 4 text,3Cu670 average austenite grain size and volume fraction reported as 0.35 um and 28 percent.,True,yan_2022_cu|6.94|0.387|3.86|0.0|670.0|3600.0|0.28|ebsd
yan_2022_cu,2022.0,10.3390/ma15228271,https://www.mdpi.com/1996-1944/15/22/8271,open_access_mdpi,open_access_verified_additions.csv,core_exact,experimental_core_exact,6.94,0.387,3.86,0.0,3.04,0.0,0.0,,,,690.0,3600.0,0.44,44.0,EBSD,text_reported,cold-rolled then IA,Results section / Figure 4 text,3Cu690 austenite grain size increases to 0.39 um and volume fraction is 44 percent.,True,yan_2022_cu|6.94|0.387|3.86|0.0|690.0|3600.0|0.44|ebsd
yan_2022_cu,2022.0,10.3390/ma15228271,https://www.mdpi.com/1996-1944/15/22/8271,open_access_mdpi,open_access_verified_additions.csv,core_exact,experimental_core_exact,6.94,0.387,3.86,0.0,3.04,0.0,0.0,,,,710.0,3600.0,0.578,57.8,EBSD,text_reported,cold-rolled then IA,Results section / Figure 4 text,3Cu710 grain size and volume fraction increase to 0.47 um and 57.8 percent.,True,yan_2022_cu|6.94|0.387|3.86|0.0|710.0|3600.0|0.578|ebsd
wang_2023_hot_stamping,2023.0,10.3390/ma16020576,https://www.mdpi.com/1996-1944/16/2/576,open_access_mdpi,open_access_verified_additions.csv,core_exact,experimental_core_exact,4.6,0.18,0.0,0.23,0.0,0.0,0.0,,,,610.0,600.0,0.0401,4.01,XRD,text_reported,incomplete austenitizing plus QP-300,Figure 13 text,QP-300 is adjacent/process-control data; not pure IA. XRD retained austenite content calculated as 4.01 percent.,True,wang_2023_hot_stamping|4.6|0.18|0.0|0.23|610.0|600.0|0.0401|xrd
wang_2023_hot_stamping,2023.0,10.3390/ma16020576,https://www.mdpi.com/1996-1944/16/2/576,open_access_mdpi,open_access_verified_additions.csv,core_exact,experimental_core_exact,4.6,0.18,0.0,0.23,0.0,0.0,0.0,,,,680.0,1800.0,0.307,30.7,XRD,text_reported,intercritical annealing IA-680,Figure 13 text,IA-680 retained austenite content calculated as 30.7 percent.,True,wang_2023_hot_stamping|4.6|0.18|0.0|0.23|680.0|1800.0|0.307|xrd
wang_2023_hot_stamping,2023.0,10.3390/ma16020576,https://www.mdpi.com/1996-1944/16/2/576,open_access_mdpi,open_access_verified_additions.csv,core_exact,experimental_core_exact,4.6,0.18,0.0,0.23,0.0,0.0,0.0,,,,680.0,1800.0,0.337,33.7,XRD,text_reported,QP-300 followed by IA at 680C,Figure 13 text,QA-680 retained austenite content calculated as 33.7 percent after QP plus IA.,True,wang_2023_hot_stamping|4.6|0.18|0.0|0.23|680.0|1800.0|0.337|xrd
sadeghpour_2022_partitioning,2022.0,10.3390/ma15207322,https://www.mdpi.com/1996-1944/15/20/7322,open_access_mdpi,open_access_verified_additions.csv,core_exact,experimental_core_exact,4.0,0.31,0.42,0.0,0.0,2.0,0.0,,,,600.0,1200.0,0.08,8.0,XRD,text_reported,quenched to 120C then warm deformed at 500C,Figure 3 text,Def-A600 RA fraction reported as 8 percent after 20 min partitioning/annealing.,True,sadeghpour_2022_partitioning|4.0|0.31|0.42|0.0|600.0|1200.0|0.08|xrd
sadeghpour_2022_partitioning,2022.0,10.3390/ma15207322,https://www.mdpi.com/1996-1944/15/20/7322,open_access_mdpi,open_access_verified_additions.csv,core_exact,experimental_core_exact,4.0,0.31,0.42,0.0,0.0,2.0,0.0,,,,650.0,1200.0,0.29,29.0,XRD,table,quenched to 120C then warm deformed at 500C,Table 2 / Figure 3 text,Def-500 at 650C for 20 min gives RA fraction 29 percent.,True,sadeghpour_2022_partitioning|4.0|0.31|0.42|0.0|650.0|1200.0|0.29|xrd
sadeghpour_2022_partitioning,2022.0,10.3390/ma15207322,https://www.mdpi.com/1996-1944/15/20/7322,open_access_mdpi,open_access_verified_additions.csv,core_exact,experimental_core_exact,4.0,0.31,0.42,0.0,0.0,2.0,0.0,,,,700.0,1200.0,0.11,11.0,XRD,text_reported,quenched to 120C then warm deformed at 500C,Figure 3 text,Def-A700 RA fraction reported as 11 percent after 20 min partitioning/annealing.,True,sadeghpour_2022_partitioning|4.0|0.31|0.42|0.0|700.0|1200.0|0.11|xrd
sadeghpour_2022_partitioning,2022.0,10.3390/ma15207322,https://www.mdpi.com/1996-1944/15/20/7322,open_access_mdpi,open_access_verified_additions.csv,core_exact,experimental_core_exact,4.0,0.31,0.42,0.0,0.0,2.0,0.0,,,,650.0,1200.0,0.32,32.0,XRD,table,quenched to 120C then deformed at 250C,Table 2,def-250 at 650C for 20 min gives RA fraction 32 percent.,True,sadeghpour_2022_partitioning|4.0|0.31|0.42|0.0|650.0|1200.0|0.32|xrd
sadeghpour_2022_partitioning,2022.0,10.3390/ma15207322,https://www.mdpi.com/1996-1944/15/20/7322,open_access_mdpi,open_access_verified_additions.csv,core_exact,experimental_core_exact,4.0,0.31,0.42,0.0,0.0,2.0,0.0,,,,650.0,1200.0,0.34,34.0,XRD,table,quenched to 120C without deformation,Table 2,non-def at 650C for 20 min gives RA fraction 34 percent.,True,sadeghpour_2022_partitioning|4.0|0.31|0.42|0.0|650.0|1200.0|0.34|xrd
skowronek_2023_time,2023.0,10.1007/s11661-023-06998-x,https://link.springer.com/article/10.1007/s11661-023-06998-x,open_access_springer,open_access_verified_additions.csv,core_partial_composition,candidate_review,5.0,,1.6,0.0,0.0,0.0,0.0,,,,680.0,60.0,0.16,16.0,XRD,text_reported,hot-rolled martensitic strip,Results section / Figure 2 text,Al-alloyed 5Mn steel. Composition table not extracted yet; C field blank. Text reports about 16 pct RA after 1 min at 680C.,False,skowronek_2023_time|5.0|nan|1.6|0.0|680.0|60.0|0.16|xrd
skowronek_2023_time,2023.0,10.1007/s11661-023-06998-x,https://link.springer.com/article/10.1007/s11661-023-06998-x,open_access_springer,open_access_verified_additions.csv,core_partial_composition,candidate_review,5.0,,1.6,0.0,0.0,0.0,0.0,,,,680.0,900.0,0.33,33.0,XRD,text_reported,hot-rolled martensitic strip,Results section / Figure 2 text,Al-alloyed 5Mn steel. Composition table not extracted yet; C field blank. Text reports 33 pct fraction after first 15 min.,False,skowronek_2023_time|5.0|nan|1.6|0.0|680.0|900.0|0.33|xrd
skowronek_2023_time,2023.0,10.1007/s11661-023-06998-x,https://link.springer.com/article/10.1007/s11661-023-06998-x,open_access_springer,open_access_verified_additions.csv,core_partial_composition,candidate_review,5.0,,1.6,0.0,0.0,0.0,0.0,,,,680.0,18000.0,0.41,41.0,XRD,text_reported,hot-rolled martensitic strip,Results section / Figure 2 text,Al-alloyed 5Mn steel. Composition table not extracted yet; C field blank. Text indicates final fraction about 41 pct and 120-300 min nearly constant; entered at 300 min.,False,skowronek_2023_time|5.0|nan|1.6|0.0|680.0|18000.0|0.41|xrd
bhadhon_2022_starting_microstructure,2022.0,10.3390/met12020356,https://www.mdpi.com/2075-4701/12/2/356,open_access_mdpi,open_access_verified_additions.csv,candidate_approx,candidate_review,6.0,0.2,0.4,1.7,0.0,0.0,0.5,,,,675.0,60.0,0.3,30.0,XRD,text_reported_lower_bound,martensitic starting microstructure,Abstract / Results section,"Abstract says M starting microstructures achieved greater than 0.30 RA for 675C and 60-360 s. Entered as lower-bound candidate, not exact training row.",True,bhadhon_2022_starting_microstructure|6.0|0.2|0.4|1.7|675.0|60.0|0.3|xrd
bhadhon_2022_starting_microstructure,2022.0,10.3390/met12020356,https://www.mdpi.com/2075-4701/12/2/356,open_access_mdpi,open_access_verified_additions.csv,candidate_approx,candidate_review,6.0,0.2,0.4,1.7,0.0,0.0,0.5,,,,710.0,480.0,0.37,37.0,XRD,text_reported_approx,cold-rolled tempered martensite starting microstructure,Results section / Figure 5 text,CR 710C plus 480 s yielded high RA fraction about 0.37. Approximate candidate only.,True,bhadhon_2022_starting_microstructure|6.0|0.2|0.4|1.7|710.0|480.0|0.37|xrd
bhadhon_2022_starting_microstructure,2022.0,10.3390/met12020356,https://www.mdpi.com/2075-4701/12/2/356,open_access_mdpi,open_access_verified_additions.csv,candidate_approx,candidate_review,6.0,0.2,0.4,1.7,0.0,0.0,0.5,,,,710.0,600.0,0.37,37.0,XRD,text_reported_approx,cold-rolled tempered martensite starting microstructure,Results section / Figure 5 text,CR 710C plus 600 s yielded high RA fraction about 0.37. Approximate candidate only.,True,bhadhon_2022_starting_microstructure|6.0|0.2|0.4|1.7|710.0|600.0|0.37|xrd
chen_2023_mn_segregation_band,2023.0,10.11900/0412.1961.2021.00431,https://www.ams.org.cn/article/2023/0412-1961/0412-1961-2023-59-11-1448.shtml,open_access_chinese_journal,open_access_verified_additions.csv,core_exact,experimental_core_exact,9.0,0.35,3.2,0.0,0.0,0.0,0.0,,,,600.0,3600.0,0.612,61.2,XRD,text_reported,hot-rolled quenched medium-Mn steel with Mn-segregation band,Results section Figure 3 text,Chinese open article reports RA volume fraction before tensile deformation for IA600 as 61.2 percent after 600C 1h water quench.,True,chen_2023_mn_segregation_band|9.0|0.35|3.2|0.0|600.0|3600.0|0.612|xrd
chen_2023_mn_segregation_band,2023.0,10.11900/0412.1961.2021.00431,https://www.ams.org.cn/article/2023/0412-1961/0412-1961-2023-59-11-1448.shtml,open_access_chinese_journal,open_access_verified_additions.csv,core_exact,experimental_core_exact,9.0,0.35,3.2,0.0,0.0,0.0,0.0,,,,650.0,3600.0,0.659,65.9,XRD,text_reported,hot-rolled quenched medium-Mn steel with Mn-segregation band,Results section Figure 3 text,Chinese open article reports RA volume fraction before tensile deformation for IA650 as 65.9 percent after 650C 1h water quench.,True,chen_2023_mn_segregation_band|9.0|0.35|3.2|0.0|650.0|3600.0|0.659|xrd
chen_2023_mn_segregation_band,2023.0,10.11900/0412.1961.2021.00431,https://www.ams.org.cn/article/2023/0412-1961/0412-1961-2023-59-11-1448.shtml,open_access_chinese_journal,open_access_verified_additions.csv,core_exact,experimental_core_exact,9.0,0.35,3.2,0.0,0.0,0.0,0.0,,,,700.0,3600.0,0.718,71.8,XRD,text_reported,hot-rolled quenched medium-Mn steel with Mn-segregation band,Results section Figure 3 text,Chinese open article reports RA volume fraction before tensile deformation for IA700 as 71.8 percent after 700C 1h water quench.,True,chen_2023_mn_segregation_band|9.0|0.35|3.2|0.0|700.0|3600.0|0.718|xrd
zhang_2024_cold_rolled_auto_mmn,2024.0,10.3969/j.issn.0253-6099.2024.05.032,https://xiang.jp.kxsz.net/article/id/7722,open_abstract_chinese,open_access_verified_additions.csv,candidate_partial_composition,candidate_review,,,,,,,,,,,660.0,1800.0,0.2412,24.12,unspecified_XRD_or_microstructure,text_reported_abstract,cold-rolled automotive medium-Mn steel,Abstract,Abstract reports optimum reverse-transformation anneal at 660C for 30 min with austenite volume fraction 24.12 percent. Full PDF needed for composition and measurement method before ML use.,False,zhang_2024_cold_rolled_auto_mmn|nan|nan|nan|nan|660.0|1800.0|0.2412|unspecified_xrd_or_microstructure
zhang_2024_continuous_yield,2024.0,10.11900/0412.1961.2022.00498,https://www.ams.org.cn/article/2024/0412-1961/0412-1961-2024-60-4-443.shtml,open_access_chinese_journal,open_access_verified_additions.csv,core_exact,experimental_core_exact,5.45,0.18,1.62,0.5,0.0,0.0,0.0,,,,730.0,180.0,0.2918,29.18,XRD,text_reported,cold-rolled direct anneal A730-3,Results section Figure 6 text,Fe-0.18C-5.45Mn-1.62Al-0.50Si; direct 730C anneal for 3 min. Text reports pre-tensile RA 29.18 percent.,True,zhang_2024_continuous_yield|5.45|0.18|1.62|0.5|730.0|180.0|0.2918|xrd
zhang_2024_continuous_yield,2024.0,10.11900/0412.1961.2022.00498,https://www.ams.org.cn/article/2024/0412-1961/0412-1961-2024-60-4-443.shtml,open_access_chinese_journal,open_access_verified_additions.csv,core_exact,experimental_core_exact,5.45,0.18,1.62,0.5,0.0,0.0,0.0,,,,730.0,300.0,0.2811,28.11,XRD,text_reported,pretreated PA730-5: 800C 5min + 550C 2h WQ then 730C 5min,Results section Figure 6 text,Fe-0.18C-5.45Mn-1.62Al-0.50Si; after pretreatment and 730C anneal for 5 min. Text reports pre-tensile RA 28.11 percent.,True,zhang_2024_continuous_yield|5.45|0.18|1.62|0.5|730.0|300.0|0.2811|xrd
hu_2016_mn_al_trip,2016.0,NEU_Natural_2016_37_2_179,https://xuebao.neu.edu.cn/natural/article/html/2016-2-179.htm,open_access_chinese_university,open_access_verified_additions.csv,core_exact,experimental_core_exact,6.4,0.18,2.8,0.48,0.0,0.0,0.0,,,,600.0,300.0,0.153,15.3,XRD,text_reported,hot-rolled Fe-0.2C-7Mn-3Al thermo-simulated intercritical anneal,Results section Figure 3 text,"Experimental composition C0.18 Si0.48 Mn6.4 Al2.8 V0.1; 10 C/s to IA temperature, held 5 min then air-cooled. Text reports 600C RA 15.3 percent.",True,hu_2016_mn_al_trip|6.4|0.18|2.8|0.48|600.0|300.0|0.153|xrd
hu_2016_mn_al_trip,2016.0,NEU_Natural_2016_37_2_179,https://xuebao.neu.edu.cn/natural/article/html/2016-2-179.htm,open_access_chinese_university,open_access_verified_additions.csv,core_exact,experimental_core_exact,6.4,0.18,2.8,0.48,0.0,0.0,0.0,,,,750.0,300.0,0.325,32.5,XRD,text_reported,hot-rolled Fe-0.2C-7Mn-3Al thermo-simulated intercritical anneal,Results section Figure 3 text,"Experimental composition C0.18 Si0.48 Mn6.4 Al2.8 V0.1; 10 C/s to IA temperature, held 5 min then air-cooled. Text reports 750C RA 32.5 percent.",True,hu_2016_mn_al_trip|6.4|0.18|2.8|0.48|750.0|300.0|0.325|xrd
li_2015_hot_rolled_trip_time,2015.0,NEU_Natural_2015_36_9_1256,https://xuebao.neu.edu.cn/natural/article/html/2015-9-1256.htm,open_access_chinese_university,open_access_verified_additions.csv,core_exact,experimental_core_exact,5.83,0.17,3.12,0.0,0.0,0.0,0.0,,,,650.0,600.0,0.503,50.3,XRD,text_reported,hot-rolled Fe-6Mn-3Al; 700C 1h water quench then 650C ART,Abstract and Results section Figure 5 text,Experimental composition C0.17 Mn5.83 Al3.12 Fe balance; 700C water quench then 650C for 10 min. Text reports RA 50.3 percent before tensile deformation.,True,li_2015_hot_rolled_trip_time|5.83|0.17|3.12|0.0|650.0|600.0|0.503|xrd
yin_2014_ufg_trip_temp,2014.0,10.13374/j.issn1001-053x.2014.03.005,https://cje.ustb.edu.cn/cn/article/pdf/preview/10.13374/j.issn1001-053x.2014.03.005.pdf,open_access_chinese_pdf,open_access_verified_additions.csv,core_exact,experimental_core_exact,6.72,0.08,0.0,0.15,0.0,0.0,0.0,,,,650.0,180.0,0.193,19.3,XRD,text_reported,cold-rolled Fe-C-Mn ultrafine-grained TRIP steel,PDF lines around Figure 8 text,Composition table: C0.080 Si0.15 Mn6.72 Nb0.034. Heat treatment 590-710C for 3 min. Text reports RA 19.3 percent at 650C for 3 min.,True,yin_2014_ufg_trip_temp|6.72|0.08|0.0|0.15|650.0|180.0|0.193|xrd
wan_2025_ce_time,2025.0,10.13228/j.boyuan.issn0449-749x.20250586,https://www.chinamet.cn/article/doi/10.13228/j.boyuan.issn0449-749x.20250586,open_abstract_chinese,open_access_verified_additions.csv,candidate_partial_composition,candidate_review,,,,,,,,,,,650.0,1200.0,0.2332,23.32,XRD,text_reported_abstract,Ce-free medium-Mn automotive steel short-process IA,Abstract,Abstract reports Ce-free steel at 650C 20 min reaches peak RA volume fraction 23.32 percent. Composition not available in visible abstract.,False,wan_2025_ce_time|nan|nan|nan|nan|650.0|1200.0|0.2332|xrd
wan_2025_ce_time,2025.0,10.13228/j.boyuan.issn0449-749x.20250586,https://www.chinamet.cn/article/doi/10.13228/j.boyuan.issn0449-749x.20250586,open_abstract_chinese,open_access_verified_additions.csv,candidate_partial_composition,candidate_review,,,,,,,,,,,650.0,1200.0,0.2529,25.29,XRD,text_reported_abstract,Ce-microalloyed medium-Mn automotive steel short-process IA,Abstract,Abstract reports Ce-added steel at 650C 20 min reaches RA volume fraction 25.29 percent. Composition not available in visible abstract.,False,wan_2025_ce_time|nan|nan|nan|nan|650.0|1200.0|0.2529|xrd
zhao_2018_reverse_phase,2018.0,10.3390/ma11091633,https://www.mdpi.com/1996-1944/11/9/1633,open_access_mdpi,open_access_verified_additions.csv,core_exact,experimental_core_exact,5.4,0.13,0.0,0.0,0.0,0.0,0.0,,,,625.0,1800.0,0.0509,5.09,XRD,text_reported,930C 20min quench then reverse-phase transformation anneal,Abstract and Results section,0.13C-5.4Mn cold-rolled steel; article reports RA 5.09 pct after 625C reverse-phase annealing for 30 min.,True,zhao_2018_reverse_phase|5.4|0.13|0.0|0.0|625.0|1800.0|0.0509|xrd
zhao_2018_reverse_phase,2018.0,10.3390/ma11091633,https://www.mdpi.com/1996-1944/11/9/1633,open_access_mdpi,open_access_verified_additions.csv,candidate_approx,candidate_review,5.4,0.13,0.0,0.0,0.0,0.0,0.0,,,,650.0,1800.0,0.1048,10.48,XRD,text_reported_discrepant,930C 20min quench then reverse-phase transformation anneal,Results section / conclusion,Article text reports 10.39 pct in one paragraph and 10.48 pct later for 650C; row kept candidate until figure/table verification.,True,zhao_2018_reverse_phase|5.4|0.13|0.0|0.0|650.0|1800.0|0.1048|xrd
zhao_2018_reverse_phase,2018.0,10.3390/ma11091633,https://www.mdpi.com/1996-1944/11/9/1633,open_access_mdpi,open_access_verified_additions.csv,core_exact,experimental_core_exact,5.4,0.13,0.0,0.0,0.0,0.0,0.0,,,,675.0,1800.0,0.2234,22.34,XRD,text_reported,930C 20min quench then reverse-phase transformation anneal,Abstract and Results section,0.13C-5.4Mn cold-rolled steel; article reports RA peak 22.34 pct after 675C reverse-phase annealing for 30 min.,True,zhao_2018_reverse_phase|5.4|0.13|0.0|0.0|675.0|1800.0|0.2234|xrd
zhao_2018_reverse_phase,2018.0,10.3390/ma11091633,https://www.mdpi.com/1996-1944/11/9/1633,open_access_mdpi,open_access_verified_additions.csv,core_exact,experimental_core_exact,5.4,0.13,0.0,0.0,0.0,0.0,0.0,,,,700.0,1800.0,0.0932,9.32,XRD,text_reported,930C 20min quench then reverse-phase transformation anneal,Abstract and Results section,0.13C-5.4Mn cold-rolled steel; article reports RA 9.32 pct after 700C reverse-phase annealing for 30 min.,True,zhao_2018_reverse_phase|5.4|0.13|0.0|0.0|700.0|1800.0|0.0932|xrd
mehrabi_2024_process_map_compilation,2024.0,10.3390/ma17050993,https://www.mdpi.com/1996-1944/17/5/993,open_access_mdpi,open_access_verified_additions.csv,secondary_compiled_exact,transfer_or_secondary,5.91,0.18,0.4,1.5,0.0,0.0,0.6,,,,675.0,120.0,0.15,15.0,XRD,compiled_table,tempered martensite starting microstructure,Table 1,Secondary compilation of measured RA vol pct from literature ref [28]; primary source still needs tracing before final publication dataset.,True,mehrabi_2024_process_map_compilation|5.91|0.18|0.4|1.5|675.0|120.0|0.15|xrd
mehrabi_2024_process_map_compilation,2024.0,10.3390/ma17050993,https://www.mdpi.com/1996-1944/17/5/993,open_access_mdpi,open_access_verified_additions.csv,secondary_compiled_exact,transfer_or_secondary,5.56,0.15,1.89,1.1,0.0,0.0,0.0,,,,710.0,120.0,0.27,27.0,XRD,compiled_table,tempered martensite starting microstructure,Table 1,Secondary compilation of measured RA vol pct from literature ref [31]; Table also reports intercritical gamma 40.0 vol pct.,True,mehrabi_2024_process_map_compilation|5.56|0.15|1.89|1.1|710.0|120.0|0.27|xrd
mehrabi_2024_process_map_compilation,2024.0,10.3390/ma17050993,https://www.mdpi.com/1996-1944/17/5/993,open_access_mdpi,open_access_verified_additions.csv,secondary_compiled_exact,transfer_or_secondary,5.91,0.18,0.4,1.5,0.0,0.0,0.6,,,,710.0,120.0,0.25,25.0,XRD,compiled_table,tempered martensite starting microstructure,Table 1,Secondary compilation of measured RA vol pct from literature ref [28]; primary source still needs tracing before final publication dataset.,True,mehrabi_2024_process_map_compilation|5.91|0.18|0.4|1.5|710.0|120.0|0.25|xrd
mehrabi_2024_process_map_compilation,2024.0,10.3390/ma17050993,https://www.mdpi.com/1996-1944/17/5/993,open_access_mdpi,open_access_verified_additions.csv,secondary_compiled_exact,transfer_or_secondary,5.56,0.15,1.89,1.1,0.0,0.0,0.0,,,,665.0,120.0,0.21,21.0,XRD,compiled_table,martensitic starting microstructure,Table 1,"Secondary compilation of measured RA vol pct from literature refs [26,32]; Table also reports intercritical gamma 30.8 vol pct.",True,mehrabi_2024_process_map_compilation|5.56|0.15|1.89|1.1|665.0|120.0|0.21|xrd
mehrabi_2024_process_map_compilation,2024.0,10.3390/ma17050993,https://www.mdpi.com/1996-1944/17/5/993,open_access_mdpi,open_access_verified_additions.csv,secondary_compiled_exact,transfer_or_secondary,5.56,0.15,1.89,1.1,0.0,0.0,0.0,,,,710.0,120.0,0.31,31.0,XRD,compiled_table,martensitic starting microstructure,Table 1,"Secondary compilation of measured RA vol pct from literature refs [26,32]; Table also reports intercritical gamma 45.0 vol pct.",True,mehrabi_2024_process_map_compilation|5.56|0.15|1.89|1.1|710.0|120.0|0.31|xrd
mehrabi_2024_process_map_compilation,2024.0,10.3390/ma17050993,https://www.mdpi.com/1996-1944/17/5/993,open_access_mdpi,open_access_verified_additions.csv,secondary_compiled_exact,transfer_or_secondary,5.91,0.18,0.4,1.5,0.0,0.0,0.6,,,,675.0,120.0,0.25,25.0,XRD,compiled_table,martensitic starting microstructure,Table 1,Secondary compilation of measured RA vol pct from literature ref [28]; primary source still needs tracing before final publication dataset.,True,mehrabi_2024_process_map_compilation|5.91|0.18|0.4|1.5|675.0|120.0|0.25|xrd
mehrabi_2024_process_map_compilation,2024.0,10.3390/ma17050993,https://www.mdpi.com/1996-1944/17/5/993,open_access_mdpi,open_access_verified_additions.csv,secondary_compiled_exact,transfer_or_secondary,5.91,0.18,0.4,1.5,0.0,0.0,0.6,,,,690.0,120.0,0.33,33.0,XRD,compiled_table,martensitic starting microstructure,Table 1,Secondary compilation of measured RA vol pct from literature ref [28]; primary source still needs tracing before final publication dataset.,True,mehrabi_2024_process_map_compilation|5.91|0.18|0.4|1.5|690.0|120.0|0.33|xrd
mehrabi_2024_process_map_compilation,2024.0,10.3390/ma17050993,https://www.mdpi.com/1996-1944/17/5/993,open_access_mdpi,open_access_verified_additions.csv,secondary_compiled_exact,transfer_or_secondary,5.91,0.18,0.4,1.5,0.0,0.0,0.6,,,,710.0,120.0,0.37,37.0,XRD,compiled_table,martensitic starting microstructure,Table 1,Secondary compilation of measured RA vol pct from literature ref [28]; primary source still needs tracing before final publication dataset.,True,mehrabi_2024_process_map_compilation|5.91|0.18|0.4|1.5|710.0|120.0|0.37|xrd
grajcar_2018_ra_stability,2018.0,10.3390/app8112156,https://www.mdpi.com/2076-3417/8/11/2156,open_access_mdpi,transfer_real_ra_stability.csv,transfer_real_bainitic_hold,transfer_or_secondary,3.3,0.17,1.7,0.22,,,,0.23,0.0,,450.0,60.0,0.104,10.4,XRD,table,850-700-650-450,Table 3,3Mn steel thermomechanically processed then isothermally held at bainitic temperature; not classic IA but real RA stability data.,True,grajcar_2018_ra_stability|3.3|0.17|1.7|0.22|450.0|60.0|0.104|xrd
grajcar_2018_ra_stability,2018.0,10.3390/app8112156,https://www.mdpi.com/2076-3417/8/11/2156,open_access_mdpi,transfer_real_ra_stability.csv,transfer_real_bainitic_hold,transfer_or_secondary,3.3,0.17,1.7,0.22,,,,0.23,0.0,,450.0,300.0,0.133,13.3,XRD,table,850-700-650-450,Table 3,3Mn steel thermomechanically processed then isothermally held at bainitic temperature; not classic IA but real RA stability data.,True,grajcar_2018_ra_stability|3.3|0.17|1.7|0.22|450.0|300.0|0.133|xrd
grajcar_2018_ra_stability,2018.0,10.3390/app8112156,https://www.mdpi.com/2076-3417/8/11/2156,open_access_mdpi,transfer_real_ra_stability.csv,transfer_real_bainitic_hold,transfer_or_secondary,3.3,0.17,1.7,0.22,,,,0.23,0.0,,450.0,600.0,0.132,13.2,XRD,table,850-700-650-450,Table 3,3Mn steel thermomechanically processed then isothermally held at bainitic temperature; not classic IA but real RA stability data.,True,grajcar_2018_ra_stability|3.3|0.17|1.7|0.22|450.0|600.0|0.132|xrd
grajcar_2018_ra_stability,2018.0,10.3390/app8112156,https://www.mdpi.com/2076-3417/8/11/2156,open_access_mdpi,transfer_real_ra_stability.csv,transfer_real_bainitic_hold,transfer_or_secondary,3.3,0.17,1.7,0.22,,,,0.23,0.0,,450.0,1800.0,0.047,4.7,XRD,table,850-700-650-450,Table 3,3Mn steel thermomechanically processed then isothermally held at bainitic temperature; not classic IA but real RA stability data.,True,grajcar_2018_ra_stability|3.3|0.17|1.7|0.22|450.0|1800.0|0.047|xrd
grajcar_2018_ra_stability,2018.0,10.3390/app8112156,https://www.mdpi.com/2076-3417/8/11/2156,open_access_mdpi,transfer_real_ra_stability.csv,transfer_real_bainitic_hold,transfer_or_secondary,3.3,0.17,1.7,0.22,,,,0.23,0.0,,350.0,300.0,0.094,9.4,XRD,table,850-700-650-350,Table 3,3Mn steel thermomechanically processed then isothermally held at bainitic temperature; not classic IA but real RA stability data.,True,grajcar_2018_ra_stability|3.3|0.17|1.7|0.22|350.0|300.0|0.094|xrd
grajcar_2018_ra_stability,2018.0,10.3390/app8112156,https://www.mdpi.com/2076-3417/8/11/2156,open_access_mdpi,transfer_real_ra_stability.csv,transfer_real_bainitic_hold,transfer_or_secondary,3.3,0.17,1.7,0.22,,,,0.23,0.0,,400.0,300.0,0.168,16.8,XRD,table,850-700-650-400,Table 3,3Mn steel thermomechanically processed then isothermally held at bainitic temperature; not classic IA but real RA stability data.,True,grajcar_2018_ra_stability|3.3|0.17|1.7|0.22|400.0|300.0|0.168|xrd
grajcar_2018_ra_stability,2018.0,10.3390/app8112156,https://www.mdpi.com/2076-3417/8/11/2156,open_access_mdpi,transfer_real_ra_stability.csv,transfer_real_bainitic_hold,transfer_or_secondary,3.3,0.17,1.7,0.22,,,,0.23,0.0,,500.0,300.0,0.111,11.1,XRD,table,850-700-650-500,Table 3,3Mn steel thermomechanically processed then isothermally held at bainitic temperature; not classic IA but real RA stability data.,True,grajcar_2018_ra_stability|3.3|0.17|1.7|0.22|500.0|300.0|0.111|xrd
grajcar_2018_ra_stability,2018.0,10.3390/app8112156,https://www.mdpi.com/2076-3417/8/11/2156,open_access_mdpi,transfer_real_ra_stability.csv,transfer_real_bainitic_hold,transfer_or_secondary,3.1,0.17,1.6,0.22,,,,0.22,0.04,,450.0,60.0,0.115,11.5,XRD,table,850-700-650-450,Table 3,3MnNb steel thermomechanically processed then isothermally held at bainitic temperature; not classic IA but real RA stability data.,True,grajcar_2018_ra_stability|3.1|0.17|1.6|0.22|450.0|60.0|0.115|xrd
grajcar_2018_ra_stability,2018.0,10.3390/app8112156,https://www.mdpi.com/2076-3417/8/11/2156,open_access_mdpi,transfer_real_ra_stability.csv,transfer_real_bainitic_hold,transfer_or_secondary,3.1,0.17,1.6,0.22,,,,0.22,0.04,,450.0,300.0,0.159,15.9,XRD,table,850-700-650-450,Table 3,3MnNb steel thermomechanically processed then isothermally held at bainitic temperature; not classic IA but real RA stability data.,True,grajcar_2018_ra_stability|3.1|0.17|1.6|0.22|450.0|300.0|0.159|xrd
grajcar_2018_ra_stability,2018.0,10.3390/app8112156,https://www.mdpi.com/2076-3417/8/11/2156,open_access_mdpi,transfer_real_ra_stability.csv,transfer_real_bainitic_hold,transfer_or_secondary,3.1,0.17,1.6,0.22,,,,0.22,0.04,,450.0,600.0,0.124,12.4,XRD,table,850-700-650-450,Table 3,3MnNb steel thermomechanically processed then isothermally held at bainitic temperature; not classic IA but real RA stability data.,True,grajcar_2018_ra_stability|3.1|0.17|1.6|0.22|450.0|600.0|0.124|xrd
grajcar_2018_ra_stability,2018.0,10.3390/app8112156,https://www.mdpi.com/2076-3417/8/11/2156,open_access_mdpi,transfer_real_ra_stability.csv,transfer_real_bainitic_hold,transfer_or_secondary,3.1,0.17,1.6,0.22,,,,0.22,0.04,,450.0,1800.0,0.078,7.8,XRD,table,850-700-650-450,Table 3,3MnNb steel thermomechanically processed then isothermally held at bainitic temperature; not classic IA but real RA stability data.,True,grajcar_2018_ra_stability|3.1|0.17|1.6|0.22|450.0|1800.0|0.078|xrd
grajcar_2018_ra_stability,2018.0,10.3390/app8112156,https://www.mdpi.com/2076-3417/8/11/2156,open_access_mdpi,transfer_real_ra_stability.csv,transfer_real_bainitic_hold,transfer_or_secondary,3.1,0.17,1.6,0.22,,,,0.22,0.04,,350.0,300.0,0.093,9.3,XRD,table,850-700-650-350,Table 3,3MnNb steel thermomechanically processed then isothermally held at bainitic temperature; not classic IA but real RA stability data.,True,grajcar_2018_ra_stability|3.1|0.17|1.6|0.22|350.0|300.0|0.093|xrd
grajcar_2018_ra_stability,2018.0,10.3390/app8112156,https://www.mdpi.com/2076-3417/8/11/2156,open_access_mdpi,transfer_real_ra_stability.csv,transfer_real_bainitic_hold,transfer_or_secondary,3.1,0.17,1.6,0.22,,,,0.22,0.04,,400.0,300.0,0.177,17.7,XRD,table,850-700-650-400,Table 3,3MnNb steel thermomechanically processed then isothermally held at bainitic temperature; not classic IA but real RA stability data.,True,grajcar_2018_ra_stability|3.1|0.17|1.6|0.22|400.0|300.0|0.177|xrd
grajcar_2018_ra_stability,2018.0,10.3390/app8112156,https://www.mdpi.com/2076-3417/8/11/2156,open_access_mdpi,transfer_real_ra_stability.csv,transfer_real_bainitic_hold,transfer_or_secondary,3.1,0.17,1.6,0.22,,,,0.22,0.04,,500.0,300.0,0.098,9.8,XRD,table,850-700-650-500,Table 3,3MnNb steel thermomechanically processed then isothermally held at bainitic temperature; not classic IA but real RA stability data.,True,grajcar_2018_ra_stability|3.1|0.17|1.6|0.22|500.0|300.0|0.098|xrd
grajcar_2018_ra_stability,2018.0,10.3390/app8112156,https://www.mdpi.com/2076-3417/8/11/2156,open_access_mdpi,transfer_real_ra_stability.csv,transfer_real_bainitic_hold,transfer_or_secondary,4.7,0.16,1.6,0.2,,,,0.2,0.0,,450.0,60.0,0.078,7.8,XRD,table,850-450,Table 3,5Mn steel continuously cooled to bainitic hold; transfer/adjacent RA stability data.,True,grajcar_2018_ra_stability|4.7|0.16|1.6|0.2|450.0|60.0|0.078|xrd
grajcar_2018_ra_stability,2018.0,10.3390/app8112156,https://www.mdpi.com/2076-3417/8/11/2156,open_access_mdpi,transfer_real_ra_stability.csv,transfer_real_bainitic_hold,transfer_or_secondary,4.7,0.16,1.6,0.2,,,,0.2,0.0,,450.0,300.0,0.109,10.9,XRD,table,850-450,Table 3,5Mn steel continuously cooled to bainitic hold; transfer/adjacent RA stability data.,True,grajcar_2018_ra_stability|4.7|0.16|1.6|0.2|450.0|300.0|0.109|xrd
grajcar_2018_ra_stability,2018.0,10.3390/app8112156,https://www.mdpi.com/2076-3417/8/11/2156,open_access_mdpi,transfer_real_ra_stability.csv,transfer_real_bainitic_hold,transfer_or_secondary,4.7,0.16,1.6,0.2,,,,0.2,0.0,,450.0,600.0,0.081,8.1,XRD,table,850-450,Table 3,5Mn steel continuously cooled to bainitic hold; transfer/adjacent RA stability data.,True,grajcar_2018_ra_stability|4.7|0.16|1.6|0.2|450.0|600.0|0.081|xrd
grajcar_2018_ra_stability,2018.0,10.3390/app8112156,https://www.mdpi.com/2076-3417/8/11/2156,open_access_mdpi,transfer_real_ra_stability.csv,transfer_real_bainitic_hold,transfer_or_secondary,4.7,0.16,1.6,0.2,,,,0.2,0.0,,450.0,1800.0,0.07,7.0,XRD,table,850-450,Table 3,5Mn steel continuously cooled to bainitic hold; transfer/adjacent RA stability data.,True,grajcar_2018_ra_stability|4.7|0.16|1.6|0.2|450.0|1800.0|0.07|xrd
grajcar_2018_ra_stability,2018.0,10.3390/app8112156,https://www.mdpi.com/2076-3417/8/11/2156,open_access_mdpi,transfer_real_ra_stability.csv,transfer_real_bainitic_hold,transfer_or_secondary,4.7,0.16,1.6,0.2,,,,0.2,0.0,,400.0,300.0,0.098,9.8,XRD,table,850-400,Table 3,5Mn steel continuously cooled to bainitic hold; transfer/adjacent RA stability data.,True,grajcar_2018_ra_stability|4.7|0.16|1.6|0.2|400.0|300.0|0.098|xrd
grajcar_2018_ra_stability,2018.0,10.3390/app8112156,https://www.mdpi.com/2076-3417/8/11/2156,open_access_mdpi,transfer_real_ra_stability.csv,transfer_real_bainitic_hold,transfer_or_secondary,4.7,0.16,1.6,0.2,,,,0.2,0.0,,350.0,300.0,0.095,9.5,XRD,table,850-350,Table 3,5Mn steel continuously cooled to bainitic hold; transfer/adjacent RA stability data.,True,grajcar_2018_ra_stability|4.7|0.16|1.6|0.2|350.0|300.0|0.095|xrd
grajcar_2018_ra_stability,2018.0,10.3390/app8112156,https://www.mdpi.com/2076-3417/8/11/2156,open_access_mdpi,transfer_real_ra_stability.csv,transfer_real_bainitic_hold,transfer_or_secondary,4.7,0.16,1.6,0.2,,,,0.2,0.0,,500.0,300.0,0.082,8.2,XRD,table,850-500,Table 3,5Mn steel continuously cooled to bainitic hold; transfer/adjacent RA stability data.,True,grajcar_2018_ra_stability|4.7|0.16|1.6|0.2|500.0|300.0|0.082|xrd
grajcar_2018_ra_stability,2018.0,10.3390/app8112156,https://www.mdpi.com/2076-3417/8/11/2156,open_access_mdpi,transfer_real_ra_stability.csv,transfer_real_bainitic_hold,transfer_or_secondary,5.0,0.17,1.5,0.21,,,,0.2,0.03,,450.0,60.0,0.071,7.1,XRD,table,850-450,Table 3,5MnNb steel continuously cooled to bainitic hold; transfer/adjacent RA stability data.,True,grajcar_2018_ra_stability|5.0|0.17|1.5|0.21|450.0|60.0|0.071|xrd
grajcar_2018_ra_stability,2018.0,10.3390/app8112156,https://www.mdpi.com/2076-3417/8/11/2156,open_access_mdpi,transfer_real_ra_stability.csv,transfer_real_bainitic_hold,transfer_or_secondary,5.0,0.17,1.5,0.21,,,,0.2,0.03,,450.0,300.0,0.11,11.0,XRD,table,850-450,Table 3,5MnNb steel continuously cooled to bainitic hold; transfer/adjacent RA stability data.,True,grajcar_2018_ra_stability|5.0|0.17|1.5|0.21|450.0|300.0|0.11|xrd
grajcar_2018_ra_stability,2018.0,10.3390/app8112156,https://www.mdpi.com/2076-3417/8/11/2156,open_access_mdpi,transfer_real_ra_stability.csv,transfer_real_bainitic_hold,transfer_or_secondary,5.0,0.17,1.5,0.21,,,,0.2,0.03,,450.0,600.0,0.08,8.0,XRD,table,850-450,Table 3,5MnNb steel continuously cooled to bainitic hold; transfer/adjacent RA stability data.,True,grajcar_2018_ra_stability|5.0|0.17|1.5|0.21|450.0|600.0|0.08|xrd
grajcar_2018_ra_stability,2018.0,10.3390/app8112156,https://www.mdpi.com/2076-3417/8/11/2156,open_access_mdpi,transfer_real_ra_stability.csv,transfer_real_bainitic_hold,transfer_or_secondary,5.0,0.17,1.5,0.21,,,,0.2,0.03,,450.0,1800.0,0.068,6.8,XRD,table,850-450,Table 3,5MnNb steel continuously cooled to bainitic hold; transfer/adjacent RA stability data.,True,grajcar_2018_ra_stability|5.0|0.17|1.5|0.21|450.0|1800.0|0.068|xrd
grajcar_2018_ra_stability,2018.0,10.3390/app8112156,https://www.mdpi.com/2076-3417/8/11/2156,open_access_mdpi,transfer_real_ra_stability.csv,transfer_real_bainitic_hold,transfer_or_secondary,5.0,0.17,1.5,0.21,,,,0.2,0.03,,400.0,300.0,0.134,13.4,XRD,table,850-400,Table 3,5MnNb steel continuously cooled to bainitic hold; transfer/adjacent RA stability data.,True,grajcar_2018_ra_stability|5.0|0.17|1.5|0.21|400.0|300.0|0.134|xrd
grajcar_2018_ra_stability,2018.0,10.3390/app8112156,https://www.mdpi.com/2076-3417/8/11/2156,open_access_mdpi,transfer_real_ra_stability.csv,transfer_real_bainitic_hold,transfer_or_secondary,5.0,0.17,1.5,0.21,,,,0.2,0.03,,350.0,300.0,0.122,12.2,XRD,table,850-350,Table 3,5MnNb steel continuously cooled to bainitic hold; transfer/adjacent RA stability data.,True,grajcar_2018_ra_stability|5.0|0.17|1.5|0.21|350.0|300.0|0.122|xrd
grajcar_2018_ra_stability,2018.0,10.3390/app8112156,https://www.mdpi.com/2076-3417/8/11/2156,open_access_mdpi,transfer_real_ra_stability.csv,transfer_real_bainitic_hold,transfer_or_secondary,5.0,0.17,1.5,0.21,,,,0.2,0.03,,500.0,300.0,0.095,9.5,XRD,table,850-500,Table 3,5MnNb steel continuously cooled to bainitic hold; transfer/adjacent RA stability data.,True,grajcar_2018_ra_stability|5.0|0.17|1.5|0.21|500.0|300.0|0.095|xrd
grajcar_2019_mech_stability,2019.0,10.3390/ma12030501,https://www.mdpi.com/1996-1944/12/3/501,open_access_mdpi,transfer_real_ra_stability.csv,transfer_mechanical_stability,transfer_or_secondary,3.3,0.17,1.7,0.22,,,,0.23,0.0,,25.0,0.0,0.168,16.8,EBSD,table,TMP_initial,Table 3,Initial undeformed thermomechanically processed 3Mn-1.5Al steel; mechanical-stability transfer data not IA kinetics.,True,grajcar_2019_mech_stability|3.3|0.17|1.7|0.22|25.0|0.0|0.168|ebsd
grajcar_2019_mech_stability,2019.0,10.3390/ma12030501,https://www.mdpi.com/1996-1944/12/3/501,open_access_mdpi,transfer_real_ra_stability.csv,transfer_mechanical_stability,transfer_or_secondary,3.3,0.17,1.7,0.22,,,,0.23,0.0,,25.0,0.0,0.173,17.3,XRD,table,TMP_initial,Table 3,Initial undeformed thermomechanically processed 3Mn-1.5Al steel; XRD comparison row.,True,grajcar_2019_mech_stability|3.3|0.17|1.7|0.22|25.0|0.0|0.173|xrd
grajcar_2019_mech_stability,2019.0,10.3390/ma12030501,https://www.mdpi.com/1996-1944/12/3/501,open_access_mdpi,transfer_real_ra_stability.csv,transfer_mechanical_stability,transfer_or_secondary,3.3,0.17,1.7,0.22,,,,0.23,0.0,,25.0,0.0,0.083,8.3,EBSD,table,TMP_plus_5pct_strain,Table 3,After 5 percent tensile strain; transfer data for strain-induced RA transformation.,True,grajcar_2019_mech_stability|3.3|0.17|1.7|0.22|25.0|0.0|0.083|ebsd
grajcar_2019_mech_stability,2019.0,10.3390/ma12030501,https://www.mdpi.com/1996-1944/12/3/501,open_access_mdpi,transfer_real_ra_stability.csv,transfer_mechanical_stability,transfer_or_secondary,3.3,0.17,1.7,0.22,,,,0.23,0.0,,25.0,0.0,0.086,8.6,XRD,table,TMP_plus_5pct_strain,Table 3,After 5 percent tensile strain; transfer data for strain-induced RA transformation.,True,grajcar_2019_mech_stability|3.3|0.17|1.7|0.22|25.0|0.0|0.086|xrd
grajcar_2019_mech_stability,2019.0,10.3390/ma12030501,https://www.mdpi.com/1996-1944/12/3/501,open_access_mdpi,transfer_real_ra_stability.csv,transfer_mechanical_stability,transfer_or_secondary,3.3,0.17,1.7,0.22,,,,0.23,0.0,,25.0,0.0,0.057,5.7,EBSD,table,TMP_plus_10pct_strain,Table 3,After 10 percent tensile strain; transfer data for strain-induced RA transformation.,True,grajcar_2019_mech_stability|3.3|0.17|1.7|0.22|25.0|0.0|0.057|ebsd
grajcar_2019_mech_stability,2019.0,10.3390/ma12030501,https://www.mdpi.com/1996-1944/12/3/501,open_access_mdpi,transfer_real_ra_stability.csv,transfer_mechanical_stability,transfer_or_secondary,3.3,0.17,1.7,0.22,,,,0.23,0.0,,25.0,0.0,0.065,6.5,XRD,table,TMP_plus_10pct_strain,Table 3,After 10 percent tensile strain; transfer data for strain-induced RA transformation.,True,grajcar_2019_mech_stability|3.3|0.17|1.7|0.22|25.0|0.0|0.065|xrd
grajcar_2019_mech_stability,2019.0,10.3390/ma12030501,https://www.mdpi.com/1996-1944/12/3/501,open_access_mdpi,transfer_real_ra_stability.csv,transfer_mechanical_stability,transfer_or_secondary,3.3,0.17,1.7,0.22,,,,0.23,0.0,,25.0,0.0,0.048,4.8,EBSD,table,TMP_rupture_15pct_strain,Table 3,After rupture at about 15 percent strain; transfer data for strain-induced RA transformation.,True,grajcar_2019_mech_stability|3.3|0.17|1.7|0.22|25.0|0.0|0.048|ebsd
grajcar_2019_mech_stability,2019.0,10.3390/ma12030501,https://www.mdpi.com/1996-1944/12/3/501,open_access_mdpi,transfer_real_ra_stability.csv,transfer_mechanical_stability,transfer_or_secondary,3.3,0.17,1.7,0.22,,,,0.23,0.0,,25.0,0.0,0.054,5.4,XRD,table,TMP_rupture_15pct_strain,Table 3,After rupture at about 15 percent strain; transfer data for strain-induced RA transformation.,True,grajcar_2019_mech_stability|3.3|0.17|1.7|0.22|25.0|0.0|0.054|xrd
kantanen_2022_qp_art,2022.0,10.1016/j.msea.2022.143341,https://oulurepo.oulu.fi/bitstream/handle/10024/32456/nbnfi-fe2022061647131.pdf,open_repository_pdf,transfer_real_ra_stability.csv,transfer_qp_art,transfer_or_secondary,2.9,0.3,0.47,1.0,,,,0.2,0.0,,350.0,1000.0,0.1,10.0,XRD,table,QP_350C_1000s,Table 6,Steel A QP selected Gleeble sample; real RA data but QP/ART transfer not core IA kinetics.,True,kantanen_2022_qp_art|2.9|0.3|0.47|1.0|350.0|1000.0|0.1|xrd
kantanen_2022_qp_art,2022.0,10.1016/j.msea.2022.143341,https://oulurepo.oulu.fi/bitstream/handle/10024/32456/nbnfi-fe2022061647131.pdf,open_repository_pdf,transfer_real_ra_stability.csv,transfer_qp_art,transfer_or_secondary,2.9,0.3,0.47,1.0,,,,0.2,0.0,,350.0,1000.0,0.08,8.0,EBSD,table,QP_350C_1000s,Table 6,Steel A QP selected Gleeble sample EBSD comparison.,True,kantanen_2022_qp_art|2.9|0.3|0.47|1.0|350.0|1000.0|0.08|ebsd
kantanen_2022_qp_art,2022.0,10.1016/j.msea.2022.143341,https://oulurepo.oulu.fi/bitstream/handle/10024/32456/nbnfi-fe2022061647131.pdf,open_repository_pdf,transfer_real_ra_stability.csv,transfer_qp_art,transfer_or_secondary,2.9,0.3,0.47,1.0,,,,0.2,0.0,,710.0,1000.0,0.22,22.0,XRD,table,ART_710C_1000s,Table 6,Steel A ART selected Gleeble sample; real ART retained-austenite data.,True,kantanen_2022_qp_art|2.9|0.3|0.47|1.0|710.0|1000.0|0.22|xrd
kantanen_2022_qp_art,2022.0,10.1016/j.msea.2022.143341,https://oulurepo.oulu.fi/bitstream/handle/10024/32456/nbnfi-fe2022061647131.pdf,open_repository_pdf,transfer_real_ra_stability.csv,transfer_qp_art,transfer_or_secondary,2.9,0.3,0.47,1.0,,,,0.2,0.0,,710.0,1000.0,0.11,11.0,EBSD,table,ART_710C_1000s,Table 6,Steel A ART selected Gleeble sample EBSD comparison.,True,kantanen_2022_qp_art|2.9|0.3|0.47|1.0|710.0|1000.0|0.11|ebsd
kantanen_2022_qp_art,2022.0,10.1016/j.msea.2022.143341,https://oulurepo.oulu.fi/bitstream/handle/10024/32456/nbnfi-fe2022061647131.pdf,open_repository_pdf,transfer_real_ra_stability.csv,transfer_qp_art,transfer_or_secondary,3.9,0.31,0.42,1.0,,,,0.21,0.0,,350.0,1000.0,0.2,20.0,XRD,table,QP_350C_1000s,Table 6,Steel B QP selected Gleeble sample.,True,kantanen_2022_qp_art|3.9|0.31|0.42|1.0|350.0|1000.0|0.2|xrd
kantanen_2022_qp_art,2022.0,10.1016/j.msea.2022.143341,https://oulurepo.oulu.fi/bitstream/handle/10024/32456/nbnfi-fe2022061647131.pdf,open_repository_pdf,transfer_real_ra_stability.csv,transfer_qp_art,transfer_or_secondary,3.9,0.31,0.42,1.0,,,,0.21,0.0,,350.0,1000.0,0.21,21.0,EBSD,table,QP_350C_1000s,Table 6,Steel B QP selected Gleeble sample EBSD comparison.,True,kantanen_2022_qp_art|3.9|0.31|0.42|1.0|350.0|1000.0|0.21|ebsd
kantanen_2022_qp_art,2022.0,10.1016/j.msea.2022.143341,https://oulurepo.oulu.fi/bitstream/handle/10024/32456/nbnfi-fe2022061647131.pdf,open_repository_pdf,transfer_real_ra_stability.csv,transfer_qp_art,transfer_or_secondary,3.9,0.31,0.42,1.0,,,,0.21,0.0,,660.0,5000.0,0.49,49.0,XRD,table,ART_660C_5000s,Table 6,Steel B ART selected Gleeble sample.,True,kantanen_2022_qp_art|3.9|0.31|0.42|1.0|660.0|5000.0|0.49|xrd
kantanen_2022_qp_art,2022.0,10.1016/j.msea.2022.143341,https://oulurepo.oulu.fi/bitstream/handle/10024/32456/nbnfi-fe2022061647131.pdf,open_repository_pdf,transfer_real_ra_stability.csv,transfer_qp_art,transfer_or_secondary,3.9,0.31,0.42,1.0,,,,0.21,0.0,,660.0,5000.0,0.38,38.0,EBSD,table,ART_660C_5000s,Table 6,Steel B ART selected Gleeble sample EBSD comparison.,True,kantanen_2022_qp_art|3.9|0.31|0.42|1.0|660.0|5000.0|0.38|ebsd
kantanen_2022_qp_art,2022.0,10.1016/j.msea.2022.143341,https://oulurepo.oulu.fi/bitstream/handle/10024/32456/nbnfi-fe2022061647131.pdf,open_repository_pdf,transfer_real_ra_stability.csv,transfer_qp_art,transfer_or_secondary,2.7,0.32,0.54,1.0,,,,0.41,0.2,,350.0,1000.0,0.17,17.0,XRD,table,QP_350C_1000s,Table 6,Steel C QP selected Gleeble sample.,True,kantanen_2022_qp_art|2.7|0.32|0.54|1.0|350.0|1000.0|0.17|xrd
kantanen_2022_qp_art,2022.0,10.1016/j.msea.2022.143341,https://oulurepo.oulu.fi/bitstream/handle/10024/32456/nbnfi-fe2022061647131.pdf,open_repository_pdf,transfer_real_ra_stability.csv,transfer_qp_art,transfer_or_secondary,2.7,0.32,0.54,1.0,,,,0.41,0.2,,350.0,1000.0,0.11,11.0,EBSD,table,QP_350C_1000s,Table 6,Steel C QP selected Gleeble sample EBSD comparison.,True,kantanen_2022_qp_art|2.7|0.32|0.54|1.0|350.0|1000.0|0.11|ebsd
kantanen_2022_qp_art,2022.0,10.1016/j.msea.2022.143341,https://oulurepo.oulu.fi/bitstream/handle/10024/32456/nbnfi-fe2022061647131.pdf,open_repository_pdf,transfer_real_ra_stability.csv,transfer_qp_art,transfer_or_secondary,2.7,0.32,0.54,1.0,,,,0.41,0.2,,710.0,5000.0,0.24,24.0,XRD,table,ART_710C_5000s,Table 6,Steel C ART selected Gleeble sample.,True,kantanen_2022_qp_art|2.7|0.32|0.54|1.0|710.0|5000.0|0.24|xrd
kantanen_2022_qp_art,2022.0,10.1016/j.msea.2022.143341,https://oulurepo.oulu.fi/bitstream/handle/10024/32456/nbnfi-fe2022061647131.pdf,open_repository_pdf,transfer_real_ra_stability.csv,transfer_qp_art,transfer_or_secondary,2.7,0.32,0.54,1.0,,,,0.41,0.2,,710.0,5000.0,0.05,5.0,EBSD,table,ART_710C_5000s,Table 6,Steel C ART selected Gleeble sample EBSD comparison.,True,kantanen_2022_qp_art|2.7|0.32|0.54|1.0|710.0|5000.0|0.05|ebsd
kantanen_2022_qp_art,2022.0,10.1016/j.msea.2022.143341,https://oulurepo.oulu.fi/bitstream/handle/10024/32456/nbnfi-fe2022061647131.pdf,open_repository_pdf,transfer_real_ra_stability.csv,transfer_qp_art,transfer_or_secondary,2.9,0.3,0.47,1.0,,,,0.2,0.0,,400.0,1000.0,0.11,11.0,XRD,table,QP_400C_1000s,Table 7,Steel A QP Gleeble RA.,True,kantanen_2022_qp_art|2.9|0.3|0.47|1.0|400.0|1000.0|0.11|xrd
kantanen_2022_qp_art,2022.0,10.1016/j.msea.2022.143341,https://oulurepo.oulu.fi/bitstream/handle/10024/32456/nbnfi-fe2022061647131.pdf,open_repository_pdf,transfer_real_ra_stability.csv,transfer_qp_art,transfer_or_secondary,2.9,0.3,0.47,1.0,,,,0.2,0.0,,400.0,1000.0,0.06,6.0,XRD,table,QP_400C_1000s_hotrolled,Table 7,Steel A QP laboratory hot-rolled RA.,True,kantanen_2022_qp_art|2.9|0.3|0.47|1.0|400.0|1000.0|0.06|xrd
kantanen_2022_qp_art,2022.0,10.1016/j.msea.2022.143341,https://oulurepo.oulu.fi/bitstream/handle/10024/32456/nbnfi-fe2022061647131.pdf,open_repository_pdf,transfer_real_ra_stability.csv,transfer_qp_art,transfer_or_secondary,3.9,0.31,0.42,1.0,,,,0.21,0.0,,350.0,1000.0,0.16,16.0,XRD,table,QP_350C_1000s_hotrolled,Table 7,Steel B QP laboratory hot-rolled RA.,True,kantanen_2022_qp_art|3.9|0.31|0.42|1.0|350.0|1000.0|0.16|xrd
kantanen_2022_qp_art,2022.0,10.1016/j.msea.2022.143341,https://oulurepo.oulu.fi/bitstream/handle/10024/32456/nbnfi-fe2022061647131.pdf,open_repository_pdf,transfer_real_ra_stability.csv,transfer_qp_art,transfer_or_secondary,2.7,0.32,0.54,1.0,,,,0.41,0.2,,400.0,1000.0,0.17,17.0,XRD,table,QP_400C_1000s,Table 7,Steel C QP Gleeble RA.,True,kantanen_2022_qp_art|2.7|0.32|0.54|1.0|400.0|1000.0|0.17|xrd
kantanen_2022_qp_art,2022.0,10.1016/j.msea.2022.143341,https://oulurepo.oulu.fi/bitstream/handle/10024/32456/nbnfi-fe2022061647131.pdf,open_repository_pdf,transfer_real_ra_stability.csv,transfer_qp_art,transfer_or_secondary,2.7,0.32,0.54,1.0,,,,0.41,0.2,,400.0,1000.0,0.15,15.0,XRD,table,QP_400C_1000s_hotrolled,Table 7,Steel C QP laboratory hot-rolled RA.,True,kantanen_2022_qp_art|2.7|0.32|0.54|1.0|400.0|1000.0|0.15|xrd
kantanen_2022_qp_art,2022.0,10.1016/j.msea.2022.143341,https://oulurepo.oulu.fi/bitstream/handle/10024/32456/nbnfi-fe2022061647131.pdf,open_repository_pdf,transfer_real_ra_stability.csv,transfer_qp_art,transfer_or_secondary,2.9,0.3,0.47,1.0,,,,0.2,0.0,,710.0,1000.0,0.33,33.0,XRD,table,ART_710C_1000s_hotrolled,Table 7,Steel A ART laboratory hot-rolled RA.,True,kantanen_2022_qp_art|2.9|0.3|0.47|1.0|710.0|1000.0|0.33|xrd
kantanen_2022_qp_art,2022.0,10.1016/j.msea.2022.143341,https://oulurepo.oulu.fi/bitstream/handle/10024/32456/nbnfi-fe2022061647131.pdf,open_repository_pdf,transfer_real_ra_stability.csv,transfer_qp_art,transfer_or_secondary,3.9,0.31,0.42,1.0,,,,0.21,0.0,,630.0,1000.0,0.25,25.0,XRD,table,ART_630C_1000s,Table 7,Steel B ART Gleeble RA.,True,kantanen_2022_qp_art|3.9|0.31|0.42|1.0|630.0|1000.0|0.25|xrd
kantanen_2022_qp_art,2022.0,10.1016/j.msea.2022.143341,https://oulurepo.oulu.fi/bitstream/handle/10024/32456/nbnfi-fe2022061647131.pdf,open_repository_pdf,transfer_real_ra_stability.csv,transfer_qp_art,transfer_or_secondary,3.9,0.31,0.42,1.0,,,,0.21,0.0,,630.0,1000.0,0.11,11.0,XRD,table,ART_630C_1000s_hotrolled,Table 7,Steel B ART laboratory hot-rolled RA.,True,kantanen_2022_qp_art|3.9|0.31|0.42|1.0|630.0|1000.0|0.11|xrd
kantanen_2022_qp_art,2022.0,10.1016/j.msea.2022.143341,https://oulurepo.oulu.fi/bitstream/handle/10024/32456/nbnfi-fe2022061647131.pdf,open_repository_pdf,transfer_real_ra_stability.csv,transfer_qp_art,transfer_or_secondary,2.7,0.32,0.54,1.0,,,,0.41,0.2,,710.0,5000.0,0.28,28.0,XRD,table,ART_710C_5000s_hotrolled,Table 7,Steel C ART laboratory hot-rolled RA.,True,kantanen_2022_qp_art|2.7|0.32|0.54|1.0|710.0|5000.0|0.28|xrd
yu_2023_stripcast_qp,2023.0,10.3390/met13101772,https://www.mdpi.com/2075-4701/13/10/1772,open_access_mdpi,transfer_real_ra_stability.csv,transfer_qp,transfer_or_secondary,4.0,0.3,1.82,0.6,,,,0.0,0.0,,400.0,300.0,0.154,15.4,XRD,text_reported,QP_TQ140_TP400_300s,Abstract and Conclusion,Fe-0.3C-4Mn-1.82Al-0.6Si strip-cast QP steel; text reports RA 15.4 pct at quenching temperature 140C after partitioning.,True,yu_2023_stripcast_qp|4.0|0.3|1.82|0.6|400.0|300.0|0.154|xrd
yu_2023_stripcast_qp,2023.0,10.3390/met13101772,https://www.mdpi.com/2075-4701/13/10/1772,open_access_mdpi,transfer_real_ra_stability.csv,transfer_qp,transfer_or_secondary,4.0,0.3,1.82,0.6,,,,0.0,0.0,,400.0,300.0,0.265,26.5,XRD,text_reported,QP_TQ220_TP400_300s,Results section,Fe-0.3C-4Mn-1.82Al-0.6Si strip-cast QP steel; text reports Q220 steel had RA fraction 26.5 pct.,True,yu_2023_stripcast_qp|4.0|0.3|1.82|0.6|400.0|300.0|0.265|xrd
yu_2023_stripcast_qp,2023.0,10.3390/met13101772,https://www.mdpi.com/2075-4701/13/10/1772,open_access_mdpi,transfer_real_ra_stability.csv,transfer_qp,transfer_or_secondary,4.0,0.3,1.82,0.6,,,,0.0,0.0,,400.0,300.0,0.318,31.8,XRD,text_reported,QP_TQ260_TP400_300s,Abstract and Conclusion,Fe-0.3C-4Mn-1.82Al-0.6Si strip-cast QP steel; text reports RA peak 31.8 pct at quenching temperature 260C after partitioning.,True,yu_2023_stripcast_qp|4.0|0.3|1.82|0.6|400.0|300.0|0.318|xrd
yu_2023_stripcast_qp,2023.0,10.3390/met13101772,https://www.mdpi.com/2075-4701/13/10/1772,open_access_mdpi,transfer_real_ra_stability.csv,transfer_qp,transfer_or_secondary,4.0,0.3,1.82,0.6,,,,0.0,0.0,,400.0,300.0,0.166,16.6,XRD,text_reported,QP_TQ300_TP400_300s,Abstract and Conclusion,Fe-0.3C-4Mn-1.82Al-0.6Si strip-cast QP steel; text reports RA decreases to 16.6 pct at quenching temperature 300C after partitioning.,True,yu_2023_stripcast_qp|4.0|0.3|1.82|0.6|400.0|300.0|0.166|xrd
kozlowska_2025_qp_plate,2025.0,10.1007/s10853-025-11218-5,https://link.springer.com/article/10.1007/s10853-025-11218-5,open_access_springer,transfer_real_ra_stability.csv,transfer_qp,transfer_or_secondary,5.0,0.17,0.76,0.88,,,,0.22,0.06,,420.0,300.0,0.178,17.8,XRD,text_reported,QP_TQ240_TP420_300s,Abstract and Conclusions,0.17C-5Mn-0.88Si-0.76Al-0.22Mo-0.06Nb QP plate steel; highest retained austenite content reported for quench 240C and partition 420C 300s.,True,kozlowska_2025_qp_plate|5.0|0.17|0.76|0.88|420.0|300.0|0.178|xrd
grajcar_2014_tmr,2014.0,10.2478/amm-2014-0286,http://journals.pan.pl/Content/89360/PDF/10172%20Volume%2059%20Issue%204-70%20paper.pdf.pdf,open_access_pdf,transfer_real_ra_stability.csv,transfer_tmr,transfer_or_secondary,3.3,0.17,1.7,0.22,,,,0.23,0.0,,400.0,300.0,0.177,17.7,XRD,table,TMR_cooling_with_400C_hold,Table 2,TMR medium-Mn steel after controlled cooling with 400C hold; retained austenite amount by XRD.,True,grajcar_2014_tmr|3.3|0.17|1.7|0.22|400.0|300.0|0.177|xrd
grajcar_2014_tmr,2014.0,10.2478/amm-2014-0286,http://journals.pan.pl/Content/89360/PDF/10172%20Volume%2059%20Issue%204-70%20paper.pdf.pdf,open_access_pdf,transfer_real_ra_stability.csv,transfer_tmr,transfer_or_secondary,3.3,0.17,1.7,0.22,,,,0.23,0.0,,400.0,300.0,0.165,16.5,EBSD,table,TMR_cooling_with_400C_hold,Table 2,TMR medium-Mn steel after controlled cooling with 400C hold; retained austenite amount by EBSD.,True,grajcar_2014_tmr|3.3|0.17|1.7|0.22|400.0|300.0|0.165|ebsd
grajcar_2014_tmr,2014.0,10.2478/amm-2014-0286,http://journals.pan.pl/Content/89360/PDF/10172%20Volume%2059%20Issue%204-70%20paper.pdf.pdf,open_access_pdf,transfer_real_ra_stability.csv,transfer_tmr,transfer_or_secondary,3.1,0.17,1.6,0.22,,,,0.22,0.04,,400.0,300.0,0.155,15.5,XRD,table,TMR_cooling_with_400C_hold,Table 2,TMR medium-Mn steel after controlled cooling with 400C hold; retained austenite amount by XRD.,True,grajcar_2014_tmr|3.1|0.17|1.6|0.22|400.0|300.0|0.155|xrd
grajcar_2014_tmr,2014.0,10.2478/amm-2014-0286,http://journals.pan.pl/Content/89360/PDF/10172%20Volume%2059%20Issue%204-70%20paper.pdf.pdf,open_access_pdf,transfer_real_ra_stability.csv,transfer_tmr,transfer_or_secondary,3.1,0.17,1.6,0.22,,,,0.22,0.04,,400.0,300.0,0.14,14.0,EBSD,table,TMR_cooling_with_400C_hold,Table 2,TMR medium-Mn steel after controlled cooling with 400C hold; retained austenite amount by EBSD.,True,grajcar_2014_tmr|3.1|0.17|1.6|0.22|400.0|300.0|0.14|ebsd
grajcar_2014_tmr,2014.0,10.2478/amm-2014-0286,http://journals.pan.pl/Content/89360/PDF/10172%20Volume%2059%20Issue%204-70%20paper.pdf.pdf,open_access_pdf,transfer_real_ra_stability.csv,transfer_tmr,transfer_or_secondary,4.7,0.16,1.6,0.2,,,,0.2,0.0,,400.0,0.0,0.096,9.6,XRD,table,TMR_direct_cool_to_400C,Table 2,TMR 5Mn steel directly cooled to 400C; retained austenite amount by XRD.,True,grajcar_2014_tmr|4.7|0.16|1.6|0.2|400.0|0.0|0.096|xrd
grajcar_2014_tmr,2014.0,10.2478/amm-2014-0286,http://journals.pan.pl/Content/89360/PDF/10172%20Volume%2059%20Issue%204-70%20paper.pdf.pdf,open_access_pdf,transfer_real_ra_stability.csv,transfer_tmr,transfer_or_secondary,4.7,0.16,1.6,0.2,,,,0.2,0.0,,400.0,0.0,0.081,8.1,EBSD,table,TMR_direct_cool_to_400C,Table 2,TMR 5Mn steel directly cooled to 400C; retained austenite amount by EBSD.,True,grajcar_2014_tmr|4.7|0.16|1.6|0.2|400.0|0.0|0.081|ebsd
grajcar_2014_tmr,2014.0,10.2478/amm-2014-0286,http://journals.pan.pl/Content/89360/PDF/10172%20Volume%2059%20Issue%204-70%20paper.pdf.pdf,open_access_pdf,transfer_real_ra_stability.csv,transfer_tmr,transfer_or_secondary,5.0,0.17,1.5,0.21,,,,0.2,0.03,,400.0,0.0,0.083,8.3,XRD,table,TMR_direct_cool_to_400C,Table 2,TMR 5MnNb steel directly cooled to 400C; retained austenite amount by XRD.,True,grajcar_2014_tmr|5.0|0.17|1.5|0.21|400.0|0.0|0.083|xrd
grajcar_2014_tmr,2014.0,10.2478/amm-2014-0286,http://journals.pan.pl/Content/89360/PDF/10172%20Volume%2059%20Issue%204-70%20paper.pdf.pdf,open_access_pdf,transfer_real_ra_stability.csv,transfer_tmr,transfer_or_secondary,5.0,0.17,1.5,0.21,,,,0.2,0.03,,400.0,0.0,0.074,7.4,EBSD,table,TMR_direct_cool_to_400C,Table 2,TMR 5MnNb steel directly cooled to 400C; retained austenite amount by EBSD.,True,grajcar_2014_tmr|5.0|0.17|1.5|0.21|400.0|0.0|0.074|ebsd
us20230295781_patent_trials,2023.0,US20230295781A1,https://patents.google.com/patent/US20230295781A1/en,open_patent_html,transfer_real_ra_stability.csv,transfer_real_patent_structured,transfer_or_secondary,,,,,,,,,,,4.0,5.0,1.0,100.0,patent_structured_microstructure_table,table_structured_patent,FRTnan-CTnan-HBAnanxnanh-CR1.0-T12.0/3.0s-T24.0/5.0s,US20230295781A1 Table 5 trial 0,Structured patent trial table extraction (US20230295781A1). RA_note=fraction_to_pct.,False,us20230295781_patent_trials|nan|nan|nan|nan|4.0|5.0|1.0|patent_structured_microstructure_table
us20230295781_patent_trials,2023.0,US20230295781A1,https://patents.google.com/patent/US20230295781A1/en,open_patent_html,transfer_real_ra_stability.csv,transfer_real_patent_structured,transfer_or_secondary,8.0,0.051,1.03,0.039,,,,0.31,0.035,,550.0,900.0,0.34,34.0,patent_structured_microstructure_table,table_structured_patent,FRT900.0-CT450.0-HBA620.0x10.0h-CR50.0-T1725.0/200.0s-T2550.0/900.0s,US20230295781A1 Table 5 trial 1,Structured patent trial table extraction (US20230295781A1).,True,us20230295781_patent_trials|8.0|0.051|1.03|0.039|550.0|900.0|0.34|patent_structured_microstructure_table
us20230295781_patent_trials,2023.0,US20230295781A1,https://patents.google.com/patent/US20230295781A1/en,open_patent_html,transfer_real_ra_stability.csv,transfer_real_patent_structured,transfer_or_secondary,8.0,0.051,1.03,0.039,,,,0.31,0.035,,550.0,500.0,0.18,18.0,patent_structured_microstructure_table,table_structured_patent,FRT900.0-CT450.0-HBA620.0x10.0h-CR50.0-T1750.0/200.0s-T2550.0/500.0s,US20230295781A1 Table 5 trial 2,Structured patent trial table extraction (US20230295781A1).,True,us20230295781_patent_trials|8.0|0.051|1.03|0.039|550.0|500.0|0.18|patent_structured_microstructure_table
us20230295781_patent_trials,2023.0,US20230295781A1,https://patents.google.com/patent/US20230295781A1/en,open_patent_html,transfer_real_ra_stability.csv,transfer_real_patent_structured,transfer_or_secondary,8.0,0.051,1.03,0.039,,,,0.31,0.035,,550.0,900.0,0.32,32.0,patent_structured_microstructure_table,table_structured_patent,FRT900.0-CT450.0-HBA620.0x10.0h-CR50.0-T1750.0/200.0s-T2550.0/900.0s,US20230295781A1 Table 5 trial 3,Structured patent trial table extraction (US20230295781A1).,True,us20230295781_patent_trials|8.0|0.051|1.03|0.039|550.0|900.0|0.32|patent_structured_microstructure_table
us20230295781_patent_trials,2023.0,US20230295781A1,https://patents.google.com/patent/US20230295781A1/en,open_patent_html,transfer_real_ra_stability.csv,transfer_real_patent_structured,transfer_or_secondary,8.0,0.051,1.03,0.039,,,,0.31,0.035,,550.0,900.0,0.19,19.0,patent_structured_microstructure_table,table_structured_patent,FRT900.0-CT450.0-HBAnanxnanh-CR50.0-T1725.0/600.0s-T2550.0/900.0s,US20230295781A1 Table 5 trial 4,Structured patent trial table extraction (US20230295781A1).,True,us20230295781_patent_trials|8.0|0.051|1.03|0.039|550.0|900.0|0.19|patent_structured_microstructure_table
us20230295781_patent_trials,2023.0,US20230295781A1,https://patents.google.com/patent/US20230295781A1/en,open_patent_html,transfer_real_ra_stability.csv,transfer_real_patent_structured,transfer_or_secondary,8.0,0.051,1.03,0.039,,,,0.31,0.035,,520.0,900.0,0.16,16.0,patent_structured_microstructure_table,table_structured_patent,FRT900.0-CT450.0-HBAnanxnanh-CR50.0-T1725.0/600.0s-T2520.0/900.0s,US20230295781A1 Table 5 trial 5,Structured patent trial table extraction (US20230295781A1).,True,us20230295781_patent_trials|8.0|0.051|1.03|0.039|520.0|900.0|0.16|patent_structured_microstructure_table
us20230295781_patent_trials,2023.0,US20230295781A1,https://patents.google.com/patent/US20230295781A1/en,open_patent_html,transfer_real_ra_stability.csv,transfer_real_patent_structured,transfer_or_secondary,8.0,0.051,1.03,0.039,,,,0.31,0.035,,550.0,900.0,0.18,18.0,patent_structured_microstructure_table,table_structured_patent,FRT900.0-CT450.0-HBAnanxnanh-CR50.0-T1750.0/350.0s-T2550.0/900.0s,US20230295781A1 Table 5 trial 6,Structured patent trial table extraction (US20230295781A1).,True,us20230295781_patent_trials|8.0|0.051|1.03|0.039|550.0|900.0|0.18|patent_structured_microstructure_table
us20230295781_patent_trials,2023.0,US20230295781A1,https://patents.google.com/patent/US20230295781A1/en,open_patent_html,transfer_real_ra_stability.csv,transfer_real_patent_structured,transfer_or_secondary,9.97,0.065,2.14,0.045,,,,0.31,0.033,,550.0,900.0,0.5,50.0,patent_structured_microstructure_table,table_structured_patent,FRT900.0-CT450.0-HBA620.0x10.0h-CR50.0-T1725.0/200.0s-T2550.0/900.0s,US20230295781A1 Table 5 trial 7,Structured patent trial table extraction (US20230295781A1).,True,us20230295781_patent_trials|9.97|0.065|2.14|0.045|550.0|900.0|0.5|patent_structured_microstructure_table
us20230295781_patent_trials,2023.0,US20230295781A1,https://patents.google.com/patent/US20230295781A1/en,open_patent_html,transfer_real_ra_stability.csv,transfer_real_patent_structured,transfer_or_secondary,9.97,0.065,2.14,0.045,,,,0.31,0.033,,550.0,500.0,0.45,45.0,patent_structured_microstructure_table,table_structured_patent,FRT900.0-CT450.0-HBA620.0x10.0h-CR50.0-T1750.0/200.0s-T2550.0/500.0s,US20230295781A1 Table 5 trial 8,Structured patent trial table extraction (US20230295781A1).,True,us20230295781_patent_trials|9.97|0.065|2.14|0.045|550.0|500.0|0.45|patent_structured_microstructure_table
us20230295781_patent_trials,2023.0,US20230295781A1,https://patents.google.com/patent/US20230295781A1/en,open_patent_html,transfer_real_ra_stability.csv,transfer_real_patent_structured,transfer_or_secondary,9.97,0.065,2.14,0.045,,,,0.31,0.033,,550.0,900.0,0.59,59.0,patent_structured_microstructure_table,table_structured_patent,FRT900.0-CT450.0-HBA620.0x10.0h-CR50.0-T1750.0/200.0s-T2550.0/900.0s,US20230295781A1 Table 5 trial 9,Structured patent trial table extraction (US20230295781A1).,True,us20230295781_patent_trials|9.97|0.065|2.14|0.045|550.0|900.0|0.59|patent_structured_microstructure_table
us20230295781_patent_trials,2023.0,US20230295781A1,https://patents.google.com/patent/US20230295781A1/en,open_patent_html,transfer_real_ra_stability.csv,transfer_real_patent_structured,transfer_or_secondary,9.97,0.065,2.14,0.045,,,,0.31,0.033,,540.0,900.0,0.58,58.0,patent_structured_microstructure_table,table_structured_patent,FRT900.0-CT450.0-HBA620.0x10.0h-CR50.0-T1710.0/500.0s-T2540.0/900.0s,US20230295781A1 Table 5 trial 10,Structured patent trial table extraction (US20230295781A1).,True,us20230295781_patent_trials|9.97|0.065|2.14|0.045|540.0|900.0|0.58|patent_structured_microstructure_table
us20230295781_patent_trials,2023.0,US20230295781A1,https://patents.google.com/patent/US20230295781A1/en,open_patent_html,transfer_real_ra_stability.csv,transfer_real_patent_structured,transfer_or_secondary,9.97,0.065,2.14,0.045,,,,0.31,0.033,,520.0,900.0,0.58,58.0,patent_structured_microstructure_table,table_structured_patent,FRT900.0-CT450.0-HBA620.0x10.0h-CR50.0-T1725.0/200.0s-T2520.0/900.0s,US20230295781A1 Table 5 trial 11,Structured patent trial table extraction (US20230295781A1).,True,us20230295781_patent_trials|9.97|0.065|2.14|0.045|520.0|900.0|0.58|patent_structured_microstructure_table
us20230295781_patent_trials,2023.0,US20230295781A1,https://patents.google.com/patent/US20230295781A1/en,open_patent_html,transfer_real_ra_stability.csv,transfer_real_patent_structured,transfer_or_secondary,9.97,0.065,2.14,0.045,,,,0.31,0.033,,520.0,900.0,0.57,57.0,patent_structured_microstructure_table,table_structured_patent,FRT900.0-CT450.0-HBA620.0x10.0h-CR50.0-T1725.0/500.0s-T2520.0/900.0s,US20230295781A1 Table 5 trial 12,Structured patent trial table extraction (US20230295781A1).,True,us20230295781_patent_trials|9.97|0.065|2.14|0.045|520.0|900.0|0.57|patent_structured_microstructure_table
us20230295781_patent_trials,2023.0,US20230295781A1,https://patents.google.com/patent/US20230295781A1/en,open_patent_html,transfer_real_ra_stability.csv,transfer_real_patent_structured,transfer_or_secondary,9.97,0.065,2.14,0.045,,,,0.31,0.033,,500.0,900.0,0.52,52.0,patent_structured_microstructure_table,table_structured_patent,FRT900.0-CT450.0-HBA620.0x10.0h-CR50.0-T1725.0/500.0s-T2500.0/900.0s,US20230295781A1 Table 5 trial 13,Structured patent trial table extraction (US20230295781A1).,True,us20230295781_patent_trials|9.97|0.065|2.14|0.045|500.0|900.0|0.52|patent_structured_microstructure_table
us20230295781_patent_trials,2023.0,US20230295781A1,https://patents.google.com/patent/US20230295781A1/en,open_patent_html,transfer_real_ra_stability.csv,transfer_real_patent_structured,transfer_or_secondary,9.97,0.065,2.14,0.045,,,,0.31,0.033,,520.0,900.0,0.39,39.0,patent_structured_microstructure_table,table_structured_patent,FRT900.0-CT450.0-HBA620.0x10.0h-CR50.0-T1750.0/500.0s-T2520.0/900.0s,US20230295781A1 Table 5 trial 14,Structured patent trial table extraction (US20230295781A1).,True,us20230295781_patent_trials|9.97|0.065|2.14|0.045|520.0|900.0|0.39|patent_structured_microstructure_table
us20230295781_patent_trials,2023.0,US20230295781A1,https://patents.google.com/patent/US20230295781A1/en,open_patent_html,transfer_real_ra_stability.csv,transfer_real_patent_structured,transfer_or_secondary,7.92,0.068,0.9,0.0,,,,0.32,0.032,,550.0,250.0,0.4,40.0,patent_structured_microstructure_table,table_structured_patent,FRT900.0-CT450.0-HBA640.0x10.0h-CR50.0-T1720.0/100.0s-T2550.0/250.0s,US20230295781A1 Table 5 trial 15,Structured patent trial table extraction (US20230295781A1).,True,us20230295781_patent_trials|7.92|0.068|0.9|0.0|550.0|250.0|0.4|patent_structured_microstructure_table
us20230295781_patent_trials,2023.0,US20230295781A1,https://patents.google.com/patent/US20230295781A1/en,open_patent_html,transfer_real_ra_stability.csv,transfer_real_patent_structured,transfer_or_secondary,7.92,0.068,0.9,0.0,,,,0.32,0.032,,550.0,500.0,0.42,42.0,patent_structured_microstructure_table,table_structured_patent,FRT900.0-CT450.0-HBA640.0x10.0h-CR50.0-T1720.0/300.0s-T2550.0/500.0s,US20230295781A1 Table 5 trial 16,Structured patent trial table extraction (US20230295781A1).,True,us20230295781_patent_trials|7.92|0.068|0.9|0.0|550.0|500.0|0.42|patent_structured_microstructure_table
us20230295781_patent_trials,2023.0,US20230295781A1,https://patents.google.com/patent/US20230295781A1/en,open_patent_html,transfer_real_ra_stability.csv,transfer_real_patent_structured,transfer_or_secondary,7.92,0.068,0.9,0.0,,,,0.32,0.032,,550.0,900.0,0.45,45.0,patent_structured_microstructure_table,table_structured_patent,FRT900.0-CT450.0-HBA640.0x10.0h-CR50.0-T1720.0/300.0s-T2550.0/900.0s,US20230295781A1 Table 5 trial 17,Structured patent trial table extraction (US20230295781A1).,True,us20230295781_patent_trials|7.92|0.068|0.9|0.0|550.0|900.0|0.45|patent_structured_microstructure_table
us20230295781_patent_trials,2023.0,US20230295781A1,https://patents.google.com/patent/US20230295781A1/en,open_patent_html,transfer_real_ra_stability.csv,transfer_real_patent_structured,transfer_or_secondary,7.92,0.068,0.9,0.0,,,,0.32,0.032,,575.0,900.0,0.24,24.0,patent_structured_microstructure_table,table_structured_patent,FRT900.0-CT450.0-HBA640.0x10.0h-CR50.0-T1750.0/300.0s-T2575.0/900.0s,US20230295781A1 Table 5 trial 18,Structured patent trial table extraction (US20230295781A1).,True,us20230295781_patent_trials|7.92|0.068|0.9|0.0|575.0|900.0|0.24|patent_structured_microstructure_table
us20230295781_patent_trials,2023.0,US20230295781A1,https://patents.google.com/patent/US20230295781A1/en,open_patent_html,transfer_real_ra_stability.csv,transfer_real_patent_structured,transfer_or_secondary,7.92,0.068,0.9,0.0,,,,0.32,0.032,,590.0,900.0,0.31,31.0,patent_structured_microstructure_table,table_structured_patent,FRT900.0-CT450.0-HBA640.0x10.0h-CR50.0-T1750.0/300.0s-T2590.0/900.0s,US20230295781A1 Table 5 trial 19,Structured patent trial table extraction (US20230295781A1).,True,us20230295781_patent_trials|7.92|0.068|0.9|0.0|590.0|900.0|0.31|patent_structured_microstructure_table
us20230295781_patent_trials,2023.0,US20230295781A1,https://patents.google.com/patent/US20230295781A1/en,open_patent_html,transfer_real_ra_stability.csv,transfer_real_patent_structured,transfer_or_secondary,7.92,0.068,0.9,0.0,,,,0.32,0.032,,640.0,300.0,0.4,40.0,patent_structured_microstructure_table,table_structured_patent,FRT800.0-CT450.0-HBA640.0x10.0h-CR50.0-T1750.0/120.0s-T2640.0/300.0s,US20230295781A1 Table 5 trial 20,Structured patent trial table extraction (US20230295781A1).,True,us20230295781_patent_trials|7.92|0.068|0.9|0.0|640.0|300.0|0.4|patent_structured_microstructure_table
us20230295781_patent_trials,2023.0,US20230295781A1,https://patents.google.com/patent/US20230295781A1/en,open_patent_html,transfer_real_ra_stability.csv,transfer_real_patent_structured,transfer_or_secondary,7.92,0.068,0.9,0.0,,,,0.32,0.032,,640.0,300.0,0.41,41.0,patent_structured_microstructure_table,table_structured_patent,FRT800.0-CT450.0-HBA640.0x10.0h-CR50.0-T1780.0/120.0s-T2640.0/300.0s,US20230295781A1 Table 5 trial 21,Structured patent trial table extraction (US20230295781A1).,True,us20230295781_patent_trials|7.92|0.068|0.9|0.0|640.0|300.0|0.41|patent_structured_microstructure_table
us20230295781_patent_trials,2023.0,US20230295781A1,https://patents.google.com/patent/US20230295781A1/en,open_patent_html,transfer_real_ra_stability.csv,transfer_real_patent_structured,transfer_or_secondary,9.53,0.09,1.69,0.0,,,,0.32,0.031,,525.0,900.0,0.4,40.0,patent_structured_microstructure_table,table_structured_patent,FRT900.0-CT450.0-HBA640.0x10.0h-CR50.0-T1750.0/300.0s-T2525.0/900.0s,US20230295781A1 Table 5 trial 22,Structured patent trial table extraction (US20230295781A1).,True,us20230295781_patent_trials|9.53|0.09|1.69|0.0|525.0|900.0|0.4|patent_structured_microstructure_table
us20230295781_patent_trials,2023.0,US20230295781A1,https://patents.google.com/patent/US20230295781A1/en,open_patent_html,transfer_real_ra_stability.csv,transfer_real_patent_structured,transfer_or_secondary,9.53,0.09,1.69,0.0,,,,0.32,0.031,,575.0,900.0,0.5,50.0,patent_structured_microstructure_table,table_structured_patent,FRT900.0-CT450.0-HBA640.0x10.0h-CR50.0-T1770.0/100.0s-T2575.0/900.0s,US20230295781A1 Table 5 trial 23,Structured patent trial table extraction (US20230295781A1).,True,us20230295781_patent_trials|9.53|0.09|1.69|0.0|575.0|900.0|0.5|patent_structured_microstructure_table
us20230279528_patent_trials,2023.0,US20230279528A1,https://patents.google.com/patent/US20230279528A1/en,open_patent_html,transfer_real_ra_stability.csv,transfer_real_patent_structured,transfer_or_secondary,,,,,,,,,,,4.0,5.0,1.0,100.0,patent_structured_microstructure_table,table_structured_patent,FRTnan-CTnan-HBAnanxnanh-CR1.0-T12.0/3.0h-T24.0/5.0s,US20230279528A1 Table 5 trial 0,Structured patent trial table extraction (US20230279528A1). RA_note=fraction_to_pct.,False,us20230279528_patent_trials|nan|nan|nan|nan|4.0|5.0|1.0|patent_structured_microstructure_table
us20230279528_patent_trials,2023.0,US20230279528A1,https://patents.google.com/patent/US20230279528A1/en,open_patent_html,transfer_real_ra_stability.csv,transfer_real_patent_structured,transfer_or_secondary,9.53,0.09,1.69,0.0,,,,0.32,0.031,,700.0,150.0,0.49,49.0,patent_structured_microstructure_table,table_structured_patent,FRT900.0-CT450.0-HBA640.0x10.0h-CR50.0-T1620.0/6.0h-T2700.0/150.0s,US20230279528A1 Table 5 trial 1,Structured patent trial table extraction (US20230279528A1).,True,us20230279528_patent_trials|9.53|0.09|1.69|0.0|700.0|150.0|0.49|patent_structured_microstructure_table
us20230279528_patent_trials,2023.0,US20230279528A1,https://patents.google.com/patent/US20230279528A1/en,open_patent_html,transfer_real_ra_stability.csv,transfer_real_patent_structured,transfer_or_secondary,9.53,0.09,1.69,0.0,,,,0.32,0.031,,,,0.3,30.0,patent_structured_microstructure_table,table_structured_patent,FRT900.0-CT450.0-HBA640.0x10.0h-CR50.0-T1560.0/6.0h-T2nan/nans,US20230279528A1 Table 5 trial 2,Structured patent trial table extraction (US20230279528A1).,False,us20230279528_patent_trials|9.53|0.09|1.69|0.0|nan|nan|0.3|patent_structured_microstructure_table
us20230279528_patent_trials,2023.0,US20230279528A1,https://patents.google.com/patent/US20230279528A1/en,open_patent_html,transfer_real_ra_stability.csv,transfer_real_patent_structured,transfer_or_secondary,9.53,0.09,1.69,0.0,,,,0.32,0.031,,700.0,150.0,0.38,38.0,patent_structured_microstructure_table,table_structured_patent,FRT900.0-CT450.0-HBA640.0x10.0h-CR50.0-T1560.0/6.0h-T2700.0/150.0s,US20230279528A1 Table 5 trial 3,Structured patent trial table extraction (US20230279528A1).,True,us20230279528_patent_trials|9.53|0.09|1.69|0.0|700.0|150.0|0.38|patent_structured_microstructure_table
us20230279528_patent_trials,2023.0,US20230279528A1,https://patents.google.com/patent/US20230279528A1/en,open_patent_html,transfer_real_ra_stability.csv,transfer_real_patent_structured,transfer_or_secondary,9.53,0.09,1.69,0.0,,,,0.32,0.031,,,,0.25,25.0,patent_structured_microstructure_table,table_structured_patent,FRT900.0-CT450.0-HBA640.0x10.0h-CR50.0-T1540.0/6.0h-T2nan/nans,US20230279528A1 Table 5 trial 4,Structured patent trial table extraction (US20230279528A1).,False,us20230279528_patent_trials|9.53|0.09|1.69|0.0|nan|nan|0.25|patent_structured_microstructure_table
us20230279528_patent_trials,2023.0,US20230279528A1,https://patents.google.com/patent/US20230279528A1/en,open_patent_html,transfer_real_ra_stability.csv,transfer_real_patent_structured,transfer_or_secondary,9.53,0.09,1.69,0.0,,,,0.32,0.031,,700.0,150.0,0.34,34.0,patent_structured_microstructure_table,table_structured_patent,FRT900.0-CT450.0-HBA640.0x10.0h-CR50.0-T1540.0/6.0h-T2700.0/150.0s,US20230279528A1 Table 5 trial 5,Structured patent trial table extraction (US20230279528A1).,True,us20230279528_patent_trials|9.53|0.09|1.69|0.0|700.0|150.0|0.34|patent_structured_microstructure_table
us20230279528_patent_trials,2023.0,US20230279528A1,https://patents.google.com/patent/US20230279528A1/en,open_patent_html,transfer_real_ra_stability.csv,transfer_real_patent_structured,transfer_or_secondary,9.53,0.09,1.69,0.0,,,,0.32,0.031,,700.0,300.0,0.37,37.0,patent_structured_microstructure_table,table_structured_patent,FRT900.0-CT450.0-HBA640.0x10.0h-CR50.0-T1540.0/6.0h-T2700.0/300.0s,US20230279528A1 Table 5 trial 6,Structured patent trial table extraction (US20230279528A1).,True,us20230279528_patent_trials|9.53|0.09|1.69|0.0|700.0|300.0|0.37|patent_structured_microstructure_table
us20230279528_patent_trials,2023.0,US20230279528A1,https://patents.google.com/patent/US20230279528A1/en,open_patent_html,transfer_real_ra_stability.csv,transfer_real_patent_structured,transfer_or_secondary,9.53,0.09,1.69,0.0,,,,0.32,0.031,,710.0,150.0,0.4,40.0,patent_structured_microstructure_table,table_structured_patent,FRT900.0-CT450.0-HBA640.0x10.0h-CR50.0-T1540.0/6.0h-T2710.0/150.0s,US20230279528A1 Table 5 trial 7,Structured patent trial table extraction (US20230279528A1).,True,us20230279528_patent_trials|9.53|0.09|1.69|0.0|710.0|150.0|0.4|patent_structured_microstructure_table
us20230279528_patent_trials,2023.0,US20230279528A1,https://patents.google.com/patent/US20230279528A1/en,open_patent_html,transfer_real_ra_stability.csv,transfer_real_patent_structured,transfer_or_secondary,9.53,0.09,1.69,0.0,,,,0.32,0.031,,720.0,150.0,0.48,48.0,patent_structured_microstructure_table,table_structured_patent,FRT900.0-CT450.0-HBA640.0x10.0h-CR50.0-T1540.0/6.0h-T2720.0/150.0s,US20230279528A1 Table 5 trial 8,Structured patent trial table extraction (US20230279528A1).,True,us20230279528_patent_trials|9.53|0.09|1.69|0.0|720.0|150.0|0.48|patent_structured_microstructure_table
us20230279528_patent_trials,2023.0,US20230279528A1,https://patents.google.com/patent/US20230279528A1/en,open_patent_html,transfer_real_ra_stability.csv,transfer_real_patent_structured,transfer_or_secondary,9.53,0.09,1.69,0.0,,,,0.32,0.031,,730.0,150.0,0.48,48.0,patent_structured_microstructure_table,table_structured_patent,FRT900.0-CT450.0-HBA640.0x10.0h-CR50.0-T1540.0/6.0h-T2730.0/150.0s,US20230279528A1 Table 5 trial 9,Structured patent trial table extraction (US20230279528A1).,True,us20230279528_patent_trials|9.53|0.09|1.69|0.0|730.0|150.0|0.48|patent_structured_microstructure_table
us20230279528_patent_trials,2023.0,US20230279528A1,https://patents.google.com/patent/US20230279528A1/en,open_patent_html,transfer_real_ra_stability.csv,transfer_real_patent_structured,transfer_or_secondary,7.72,0.152,0.94,0.02,,,,0.22,0.0,,670.0,120.0,0.38,38.0,patent_structured_microstructure_table,table_structured_patent,FRT800.0-CT450.0-HBA640.0x10.0h-CR50.0-T1630.0/6.0h-T2670.0/120.0s,US20230279528A1 Table 5 trial 10,Structured patent trial table extraction (US20230279528A1).,True,us20230279528_patent_trials|7.72|0.152|0.94|0.02|670.0|120.0|0.38|patent_structured_microstructure_table
us20230279528_patent_trials,2023.0,US20230279528A1,https://patents.google.com/patent/US20230279528A1/en,open_patent_html,transfer_real_ra_stability.csv,transfer_real_patent_structured,transfer_or_secondary,7.72,0.152,0.94,0.02,,,,0.22,0.0,,690.0,120.0,0.42,42.0,patent_structured_microstructure_table,table_structured_patent,FRT800.0-CT450.0-HBA640.0x10.0h-CR50.0-T1630.0/6.0h-T2690.0/120.0s,US20230279528A1 Table 5 trial 11,Structured patent trial table extraction (US20230279528A1).,True,us20230279528_patent_trials|7.72|0.152|0.94|0.02|690.0|120.0|0.42|patent_structured_microstructure_table
us20230279528_patent_trials,2023.0,US20230279528A1,https://patents.google.com/patent/US20230279528A1/en,open_patent_html,transfer_real_ra_stability.csv,transfer_real_patent_structured,transfer_or_secondary,7.72,0.152,0.94,0.02,,,,0.22,0.0,,710.0,120.0,0.46,46.0,patent_structured_microstructure_table,table_structured_patent,FRT800.0-CT450.0-HBA640.0x10.0h-CR50.0-T1630.0/6.0h-T2710.0/120.0s,US20230279528A1 Table 5 trial 12,Structured patent trial table extraction (US20230279528A1).,True,us20230279528_patent_trials|7.72|0.152|0.94|0.02|710.0|120.0|0.46|patent_structured_microstructure_table
us20230279528_patent_trials,2023.0,US20230279528A1,https://patents.google.com/patent/US20230279528A1/en,open_patent_html,transfer_real_ra_stability.csv,transfer_real_patent_structured,transfer_or_secondary,7.72,0.152,0.94,0.02,,,,0.22,0.0,,670.0,120.0,0.36,36.0,patent_structured_microstructure_table,table_structured_patent,FRT800.0-CT450.0-HBA640.0x10.0h-CR50.0-T1600.0/6.0h-T2670.0/120.0s,US20230279528A1 Table 5 trial 13,Structured patent trial table extraction (US20230279528A1).,True,us20230279528_patent_trials|7.72|0.152|0.94|0.02|670.0|120.0|0.36|patent_structured_microstructure_table
us20230279528_patent_trials,2023.0,US20230279528A1,https://patents.google.com/patent/US20230279528A1/en,open_patent_html,transfer_real_ra_stability.csv,transfer_real_patent_structured,transfer_or_secondary,7.72,0.152,0.94,0.02,,,,0.22,0.0,,690.0,120.0,0.44,44.0,patent_structured_microstructure_table,table_structured_patent,FRT800.0-CT450.0-HBA640.0x10.0h-CR50.0-T1600.0/6.0h-T2690.0/120.0s,US20230279528A1 Table 5 trial 14,Structured patent trial table extraction (US20230279528A1).,True,us20230279528_patent_trials|7.72|0.152|0.94|0.02|690.0|120.0|0.44|patent_structured_microstructure_table
us20230279528_patent_trials,2023.0,US20230279528A1,https://patents.google.com/patent/US20230279528A1/en,open_patent_html,transfer_real_ra_stability.csv,transfer_real_patent_structured,transfer_or_secondary,7.72,0.152,0.94,0.02,,,,0.22,0.0,,710.0,120.0,0.44,44.0,patent_structured_microstructure_table,table_structured_patent,FRT800.0-CT450.0-HBA640.0x10.0h-CR50.0-T1600.0/6.0h-T2710.0/120.0s,US20230279528A1 Table 5 trial 15,Structured patent trial table extraction (US20230279528A1).,True,us20230279528_patent_trials|7.72|0.152|0.94|0.02|710.0|120.0|0.44|patent_structured_microstructure_table
us20230279528_patent_trials,2023.0,US20230279528A1,https://patents.google.com/patent/US20230279528A1/en,open_patent_html,transfer_real_ra_stability.csv,transfer_real_patent_structured,transfer_or_secondary,7.72,0.152,0.94,0.02,,,,0.22,0.0,,710.0,120.0,0.55,55.0,patent_structured_microstructure_table,table_structured_patent,FRT850.0-CT450.0-HBA640.0x10.0h-CR50.0-T1nan/nanh-T2710.0/120.0s,US20230279528A1 Table 5 trial 16,Structured patent trial table extraction (US20230279528A1).,True,us20230279528_patent_trials|7.72|0.152|0.94|0.02|710.0|120.0|0.55|patent_structured_microstructure_table
us20230279528_patent_trials,2023.0,US20230279528A1,https://patents.google.com/patent/US20230279528A1/en,open_patent_html,transfer_real_ra_stability.csv,transfer_real_patent_structured,transfer_or_secondary,8.0,0.05,1.03,0.04,,,,0.31,0.035,,550.0,900.0,0.19,19.0,patent_structured_microstructure_table,table_structured_patent,FRT900.0-CT450.0-HBAnanxnanh-CR50.0-T1725.0/0.17h-T2550.0/900.0s,US20230279528A1 Table 5 trial 17,Structured patent trial table extraction (US20230279528A1).,True,us20230279528_patent_trials|8.0|0.05|1.03|0.04|550.0|900.0|0.19|patent_structured_microstructure_table
us20230279528_patent_trials,2023.0,US20230279528A1,https://patents.google.com/patent/US20230279528A1/en,open_patent_html,transfer_real_ra_stability.csv,transfer_real_patent_structured,transfer_or_secondary,8.0,0.05,1.03,0.04,,,,0.31,0.035,,520.0,900.0,0.16,16.0,patent_structured_microstructure_table,table_structured_patent,FRT900.0-CT450.0-HBAnanxnanh-CR50.0-T1725.0/0.17h-T2520.0/900.0s,US20230279528A1 Table 5 trial 18,Structured patent trial table extraction (US20230279528A1).,True,us20230279528_patent_trials|8.0|0.05|1.03|0.04|520.0|900.0|0.16|patent_structured_microstructure_table
us20230279528_patent_trials,2023.0,US20230279528A1,https://patents.google.com/patent/US20230279528A1/en,open_patent_html,transfer_real_ra_stability.csv,transfer_real_patent_structured,transfer_or_secondary,8.0,0.05,1.03,0.04,,,,0.31,0.035,,550.0,900.0,0.18,18.0,patent_structured_microstructure_table,table_structured_patent,FRT900.0-CT450.0-HBAnanxnanh-CR50.0-T1750.0/0.1h-T2550.0/900.0s,US20230279528A1 Table 5 trial 19,Structured patent trial table extraction (US20230279528A1).,True,us20230279528_patent_trials|8.0|0.05|1.03|0.04|550.0|900.0|0.18|patent_structured_microstructure_table
us20230272498_patent_trials,2023.0,US20230272498A1,https://patents.google.com/patent/US20230272498A1/en,open_patent_html,transfer_real_ra_stability.csv,transfer_real_patent_structured,transfer_or_secondary,,,,,,,,,,,4.0,5.0,1.0,100.0,patent_structured_microstructure_table,table_structured_patent,FRTnan-HBAnanxnanh-CR1.0-T12.0/3.0s-T24.0/5.0s,US20230272498A1 Table 5 trial 0,Structured patent trial table extraction (US20230272498A1). RA_note=fraction_to_pct.,False,us20230272498_patent_trials|nan|nan|nan|nan|4.0|5.0|1.0|patent_structured_microstructure_table
us20230272498_patent_trials,2023.0,US20230272498A1,https://patents.google.com/patent/US20230272498A1/en,open_patent_html,transfer_real_ra_stability.csv,transfer_real_patent_structured,transfer_or_secondary,7.9,0.07,0.9,,,,,0.32,0.032,,650.0,300.0,0.3,30.0,patent_structured_microstructure_table,table_structured_patent,FRT900.0-HBA640.0x10.0h-CR50.0-T1860.0/100.0s-T2650.0/300.0s,US20230272498A1 Table 5 trial 1,Structured patent trial table extraction (US20230272498A1).,True,us20230272498_patent_trials|7.9|0.07|0.9|nan|650.0|300.0|0.3|patent_structured_microstructure_table
us20230272498_patent_trials,2023.0,US20230272498A1,https://patents.google.com/patent/US20230272498A1/en,open_patent_html,transfer_real_ra_stability.csv,transfer_real_patent_structured,transfer_or_secondary,7.9,0.07,0.9,,,,,0.32,0.032,,690.0,100.0,0.32,32.0,patent_structured_microstructure_table,table_structured_patent,FRT900.0-HBA640.0x10.0h-CR50.0-T1860.0/100.0s-T2690.0/100.0s,US20230272498A1 Table 5 trial 2,Structured patent trial table extraction (US20230272498A1).,True,us20230272498_patent_trials|7.9|0.07|0.9|nan|690.0|100.0|0.32|patent_structured_microstructure_table
us20230272498_patent_trials,2023.0,US20230272498A1,https://patents.google.com/patent/US20230272498A1/en,open_patent_html,transfer_real_ra_stability.csv,transfer_real_patent_structured,transfer_or_secondary,7.9,0.07,0.9,,,,,0.32,0.032,,650.0,120.0,0.35,35.0,patent_structured_microstructure_table,table_structured_patent,FRT900.0-HBA640.0x10.0h-CR50.0-T1820.0/100.0s-T2650.0/120.0s,US20230272498A1 Table 5 trial 3,Structured patent trial table extraction (US20230272498A1).,True,us20230272498_patent_trials|7.9|0.07|0.9|nan|650.0|120.0|0.35|patent_structured_microstructure_table
us20230272498_patent_trials,2023.0,US20230272498A1,https://patents.google.com/patent/US20230272498A1/en,open_patent_html,transfer_real_ra_stability.csv,transfer_real_patent_structured,transfer_or_secondary,7.9,0.07,0.9,,,,,0.32,0.032,,650.0,600.0,0.3,30.0,patent_structured_microstructure_table,table_structured_patent,FRT900.0-HBAnanxnanh-CRnan-T1nan/nans-T2650.0/600.0s,US20230272498A1 Table 5 trial 4,Structured patent trial table extraction (US20230272498A1).,True,us20230272498_patent_trials|7.9|0.07|0.9|nan|650.0|600.0|0.3|patent_structured_microstructure_table
us20230272498_patent_trials,2023.0,US20230272498A1,https://patents.google.com/patent/US20230272498A1/en,open_patent_html,transfer_real_ra_stability.csv,transfer_real_patent_structured,transfer_or_secondary,7.9,0.07,0.9,,,,,0.32,0.032,,650.0,300.0,0.2,20.0,patent_structured_microstructure_table,table_structured_patent,FRT900.0-HBAnanxnanh-CRnan-T1860.0/120.0s-T2650.0/300.0s,US20230272498A1 Table 5 trial 5,Structured patent trial table extraction (US20230272498A1).,True,us20230272498_patent_trials|7.9|0.07|0.9|nan|650.0|300.0|0.2|patent_structured_microstructure_table
us20230272498_patent_trials,2023.0,US20230272498A1,https://patents.google.com/patent/US20230272498A1/en,open_patent_html,transfer_real_ra_stability.csv,transfer_real_patent_structured,transfer_or_secondary,9.5,0.09,1.69,,,,,0.33,0.031,,650.0,300.0,0.45,45.0,patent_structured_microstructure_table,table_structured_patent,FRT900.0-HBA640.0x10.0h-CR50.0-T1870.0/100.0s-T2650.0/300.0s,US20230272498A1 Table 5 trial 6,Structured patent trial table extraction (US20230272498A1).,True,us20230272498_patent_trials|9.5|0.09|1.69|nan|650.0|300.0|0.45|patent_structured_microstructure_table
us20230272498_patent_trials,2023.0,US20230272498A1,https://patents.google.com/patent/US20230272498A1/en,open_patent_html,transfer_real_ra_stability.csv,transfer_real_patent_structured,transfer_or_secondary,9.5,0.09,1.69,,,,,0.33,0.031,,670.0,250.0,0.46,46.0,patent_structured_microstructure_table,table_structured_patent,FRT900.0-HBA640.0x10.0h-CR50.0-T1870.0/100.0s-T2670.0/250.0s,US20230272498A1 Table 5 trial 7,Structured patent trial table extraction (US20230272498A1).,True,us20230272498_patent_trials|9.5|0.09|1.69|nan|670.0|250.0|0.46|patent_structured_microstructure_table
us20230272498_patent_trials,2023.0,US20230272498A1,https://patents.google.com/patent/US20230272498A1/en,open_patent_html,transfer_real_ra_stability.csv,transfer_real_patent_structured,transfer_or_secondary,9.5,0.09,1.69,,,,,0.33,0.031,,680.0,100.0,0.53,53.0,patent_structured_microstructure_table,table_structured_patent,FRT900.0-HBA640.0x10.0h-CR50.0-T1870.0/100.0s-T2680.0/100.0s,US20230272498A1 Table 5 trial 8,Structured patent trial table extraction (US20230272498A1).,True,us20230272498_patent_trials|9.5|0.09|1.69|nan|680.0|100.0|0.53|patent_structured_microstructure_table
us20230272498_patent_trials,2023.0,US20230272498A1,https://patents.google.com/patent/US20230272498A1/en,open_patent_html,transfer_real_ra_stability.csv,transfer_real_patent_structured,transfer_or_secondary,9.5,0.09,1.69,,,,,0.33,0.031,,700.0,100.0,0.55,55.0,patent_structured_microstructure_table,table_structured_patent,FRT900.0-HBA640.0x10.0h-CR50.0-T1870.0/100.0s-T2700.0/100.0s,US20230272498A1 Table 5 trial 9,Structured patent trial table extraction (US20230272498A1).,True,us20230272498_patent_trials|9.5|0.09|1.69|nan|700.0|100.0|0.55|patent_structured_microstructure_table
us20230272498_patent_trials,2023.0,US20230272498A1,https://patents.google.com/patent/US20230272498A1/en,open_patent_html,transfer_real_ra_stability.csv,transfer_real_patent_structured,transfer_or_secondary,9.5,0.09,1.69,,,,,0.33,0.031,,670.0,250.0,0.52,52.0,patent_structured_microstructure_table,table_structured_patent,FRT900.0-HBA620.0x30.0h-CR50.0-T1870.0/100.0s-T2670.0/250.0s,US20230272498A1 Table 5 trial 10,Structured patent trial table extraction (US20230272498A1).,True,us20230272498_patent_trials|9.5|0.09|1.69|nan|670.0|250.0|0.52|patent_structured_microstructure_table
us20230272498_patent_trials,2023.0,US20230272498A1,https://patents.google.com/patent/US20230272498A1/en,open_patent_html,transfer_real_ra_stability.csv,transfer_real_patent_structured,transfer_or_secondary,7.7,0.15,0.96,0.02,,,,0.22,,,640.0,120.0,0.22,22.0,patent_structured_microstructure_table,table_structured_patent,FRT850.0-HBA640.0x10.0h-CR50.0-T1860.0/120.0s-T2640.0/120.0s,US20230272498A1 Table 5 trial 12,Structured patent trial table extraction (US20230272498A1).,True,us20230272498_patent_trials|7.7|0.15|0.96|0.02|640.0|120.0|0.22|patent_structured_microstructure_table
us20230272498_patent_trials,2023.0,US20230272498A1,https://patents.google.com/patent/US20230272498A1/en,open_patent_html,transfer_real_ra_stability.csv,transfer_real_patent_structured,transfer_or_secondary,7.7,0.15,0.96,0.02,,,,0.22,,,660.0,120.0,0.3,30.0,patent_structured_microstructure_table,table_structured_patent,FRT850.0-HBA640.0x10.0h-CR50.0-T1860.0/120.0s-T2660.0/120.0s,US20230272498A1 Table 5 trial 13,Structured patent trial table extraction (US20230272498A1).,True,us20230272498_patent_trials|7.7|0.15|0.96|0.02|660.0|120.0|0.3|patent_structured_microstructure_table
us20230272498_patent_trials,2023.0,US20230272498A1,https://patents.google.com/patent/US20230272498A1/en,open_patent_html,transfer_real_ra_stability.csv,transfer_real_patent_structured,transfer_or_secondary,7.7,0.15,0.96,0.02,,,,0.22,,,670.0,120.0,0.35,35.0,patent_structured_microstructure_table,table_structured_patent,FRT850.0-HBA640.0x10.0h-CR50.0-T1860.0/120.0s-T2670.0/120.0s,US20230272498A1 Table 5 trial 14,Structured patent trial table extraction (US20230272498A1).,True,us20230272498_patent_trials|7.7|0.15|0.96|0.02|670.0|120.0|0.35|patent_structured_microstructure_table
us20230272498_patent_trials,2023.0,US20230272498A1,https://patents.google.com/patent/US20230272498A1/en,open_patent_html,transfer_real_ra_stability.csv,transfer_real_patent_structured,transfer_or_secondary,7.7,0.15,0.96,0.02,,,,0.22,,,680.0,120.0,0.4,40.0,patent_structured_microstructure_table,table_structured_patent,FRT850.0-HBA640.0x10.0h-CR50.0-T1860.0/120.0s-T2680.0/120.0s,US20230272498A1 Table 5 trial 15,Structured patent trial table extraction (US20230272498A1).,True,us20230272498_patent_trials|7.7|0.15|0.96|0.02|680.0|120.0|0.4|patent_structured_microstructure_table
us20230272498_patent_trials,2023.0,US20230272498A1,https://patents.google.com/patent/US20230272498A1/en,open_patent_html,transfer_real_ra_stability.csv,transfer_real_patent_structured,transfer_or_secondary,7.7,0.15,0.96,0.02,,,,0.22,,,700.0,120.0,0.5,50.0,patent_structured_microstructure_table,table_structured_patent,FRT850.0-HBA640.0x10.0h-CR50.0-T1860.0/120.0s-T2700.0/120.0s,US20230272498A1 Table 5 trial 16,Structured patent trial table extraction (US20230272498A1).,True,us20230272498_patent_trials|7.7|0.15|0.96|0.02|700.0|120.0|0.5|patent_structured_microstructure_table
us20230272498_patent_trials,2023.0,US20230272498A1,https://patents.google.com/patent/US20230272498A1/en,open_patent_html,transfer_real_ra_stability.csv,transfer_real_patent_structured,transfer_or_secondary,7.7,0.15,0.96,0.02,,,,0.22,,,660.0,120.0,0.38,38.0,patent_structured_microstructure_table,table_structured_patent,FRT850.0-HBA640.0x10.0h-CR50.0-T1820.0/120.0s-T2660.0/120.0s,US20230272498A1 Table 5 trial 17,Structured patent trial table extraction (US20230272498A1).,True,us20230272498_patent_trials|7.7|0.15|0.96|0.02|660.0|120.0|0.38|patent_structured_microstructure_table
us20230272498_patent_trials,2023.0,US20230272498A1,https://patents.google.com/patent/US20230272498A1/en,open_patent_html,transfer_real_ra_stability.csv,transfer_real_patent_structured,transfer_or_secondary,7.7,0.15,0.96,0.02,,,,0.22,,,670.0,120.0,0.4,40.0,patent_structured_microstructure_table,table_structured_patent,FRT850.0-HBA640.0x10.0h-CR50.0-T1820.0/120.0s-T2670.0/120.0s,US20230272498A1 Table 5 trial 18,Structured patent trial table extraction (US20230272498A1).,True,us20230272498_patent_trials|7.7|0.15|0.96|0.02|670.0|120.0|0.4|patent_structured_microstructure_table
us20230272498_patent_trials,2023.0,US20230272498A1,https://patents.google.com/patent/US20230272498A1/en,open_patent_html,transfer_real_ra_stability.csv,transfer_real_patent_structured,transfer_or_secondary,7.7,0.15,0.96,0.02,,,,0.22,,,680.0,120.0,0.43,43.0,patent_structured_microstructure_table,table_structured_patent,FRT850.0-HBA640.0x10.0h-CR50.0-T1820.0/120.0s-T2680.0/120.0s,US20230272498A1 Table 5 trial 19,Structured patent trial table extraction (US20230272498A1).,True,us20230272498_patent_trials|7.7|0.15|0.96|0.02|680.0|120.0|0.43|patent_structured_microstructure_table
us20230175104_patent_trials,2023.0,US20230175104A1,https://patents.google.com/patent/US20230175104A1/en,open_patent_html,transfer_real_ra_stability.csv,transfer_real_patent_structured,transfer_or_secondary,,,,,,,,,,,1.0,2.0,1.0,100.0,patent_structured_microstructure_table,table_structured_patent,FRTnan-HBAnanxnanh-Tsoak1.0/2.0s,US20230175104A1 Table 5 trial 0,Structured patent trial table extraction (US20230175104A1). RA_note=fraction_to_pct.,False,us20230175104_patent_trials|nan|nan|nan|nan|1.0|2.0|1.0|patent_structured_microstructure_table
us20230175104_patent_trials,2023.0,US20230175104A1,https://patents.google.com/patent/US20230175104A1/en,open_patent_html,transfer_real_ra_stability.csv,transfer_real_patent_structured,transfer_or_secondary,7.9,0.07,0.9,,,,,0.32,0.032,,670.0,250.0,0.36,36.0,patent_structured_microstructure_table,table_structured_patent,FRT800.0-HBA640.0x10.0h-Tsoak670.0/250.0s,US20230175104A1 Table 5 trial 1,Structured patent trial table extraction (US20230175104A1).,True,us20230175104_patent_trials|7.9|0.07|0.9|nan|670.0|250.0|0.36|patent_structured_microstructure_table
us20230175104_patent_trials,2023.0,US20230175104A1,https://patents.google.com/patent/US20230175104A1/en,open_patent_html,transfer_real_ra_stability.csv,transfer_real_patent_structured,transfer_or_secondary,7.9,0.07,0.9,,,,,0.32,0.032,,680.0,250.0,0.4,40.0,patent_structured_microstructure_table,table_structured_patent,FRT800.0-HBA630.0x40.0h-Tsoak680.0/250.0s,US20230175104A1 Table 5 trial 2,Structured patent trial table extraction (US20230175104A1).,True,us20230175104_patent_trials|7.9|0.07|0.9|nan|680.0|250.0|0.4|patent_structured_microstructure_table
us20230175104_patent_trials,2023.0,US20230175104A1,https://patents.google.com/patent/US20230175104A1/en,open_patent_html,transfer_real_ra_stability.csv,transfer_real_patent_structured,transfer_or_secondary,7.9,0.07,0.9,,,,,0.32,0.032,,690.0,250.0,0.43,43.0,patent_structured_microstructure_table,table_structured_patent,FRT800.0-HBA640.0x10.0h-Tsoak690.0/250.0s,US20230175104A1 Table 5 trial 3,Structured patent trial table extraction (US20230175104A1).,True,us20230175104_patent_trials|7.9|0.07|0.9|nan|690.0|250.0|0.43|patent_structured_microstructure_table
us20230175104_patent_trials,2023.0,US20230175104A1,https://patents.google.com/patent/US20230175104A1/en,open_patent_html,transfer_real_ra_stability.csv,transfer_real_patent_structured,transfer_or_secondary,7.9,0.07,0.9,,,,,0.32,0.032,,700.0,120.0,0.45,45.0,patent_structured_microstructure_table,table_structured_patent,FRT800.0-HBA640.0x10.0h-Tsoak700.0/120.0s,US20230175104A1 Table 5 trial 4,Structured patent trial table extraction (US20230175104A1).,True,us20230175104_patent_trials|7.9|0.07|0.9|nan|700.0|120.0|0.45|patent_structured_microstructure_table
us20230175104_patent_trials,2023.0,US20230175104A1,https://patents.google.com/patent/US20230175104A1/en,open_patent_html,transfer_real_ra_stability.csv,transfer_real_patent_structured,transfer_or_secondary,7.9,0.07,0.9,,,,,0.32,0.032,,720.0,100.0,0.5,50.0,patent_structured_microstructure_table,table_structured_patent,FRT800.0-HBA640.0x10.0h-Tsoak720.0/100.0s,US20230175104A1 Table 5 trial 5,Structured patent trial table extraction (US20230175104A1).,True,us20230175104_patent_trials|7.9|0.07|0.9|nan|720.0|100.0|0.5|patent_structured_microstructure_table
us20230175104_patent_trials,2023.0,US20230175104A1,https://patents.google.com/patent/US20230175104A1/en,open_patent_html,transfer_real_ra_stability.csv,transfer_real_patent_structured,transfer_or_secondary,7.6,0.1,0.92,0.31,,,,0.22,,,670.0,120.0,0.38,38.0,patent_structured_microstructure_table,table_structured_patent,FRT820.0-HBA640.0x40.0h-Tsoak670.0/120.0s,US20230175104A1 Table 5 trial 6,Structured patent trial table extraction (US20230175104A1).,True,us20230175104_patent_trials|7.6|0.1|0.92|0.31|670.0|120.0|0.38|patent_structured_microstructure_table
us20230175104_patent_trials,2023.0,US20230175104A1,https://patents.google.com/patent/US20230175104A1/en,open_patent_html,transfer_real_ra_stability.csv,transfer_real_patent_structured,transfer_or_secondary,7.6,0.1,0.92,0.31,,,,0.22,,,690.0,120.0,0.45,45.0,patent_structured_microstructure_table,table_structured_patent,FRT820.0-HBA640.0x40.0h-Tsoak690.0/120.0s,US20230175104A1 Table 5 trial 7,Structured patent trial table extraction (US20230175104A1).,True,us20230175104_patent_trials|7.6|0.1|0.92|0.31|690.0|120.0|0.45|patent_structured_microstructure_table
us20230175104_patent_trials,2023.0,US20230175104A1,https://patents.google.com/patent/US20230175104A1/en,open_patent_html,transfer_real_ra_stability.csv,transfer_real_patent_structured,transfer_or_secondary,7.6,0.1,0.92,0.31,,,,0.22,,,710.0,120.0,0.35,35.0,patent_structured_microstructure_table,table_structured_patent,FRT820.0-HBA640.0x40.0h-Tsoak710.0/120.0s,US20230175104A1 Table 5 trial 8,Structured patent trial table extraction (US20230175104A1).,True,us20230175104_patent_trials|7.6|0.1|0.92|0.31|710.0|120.0|0.35|patent_structured_microstructure_table
us20230175104_patent_trials,2023.0,US20230175104A1,https://patents.google.com/patent/US20230175104A1/en,open_patent_html,transfer_real_ra_stability.csv,transfer_real_patent_structured,transfer_or_secondary,10.0,0.07,2.14,0.05,,,,0.31,0.033,,670.0,1800.0,0.48,48.0,patent_structured_microstructure_table,table_structured_patent,FRT900.0-HBA620.0x10.0h-Tsoak670.0/1800.0s,US20230175104A1 Table 5 trial 9,Structured patent trial table extraction (US20230175104A1).,True,us20230175104_patent_trials|10.0|0.07|2.14|0.05|670.0|1800.0|0.48|patent_structured_microstructure_table
us20230175104_patent_trials,2023.0,US20230175104A1,https://patents.google.com/patent/US20230175104A1/en,open_patent_html,transfer_real_ra_stability.csv,transfer_real_patent_structured,transfer_or_secondary,8.0,0.05,1.03,0.04,,,,0.31,0.035,,670.0,3600.0,0.15,15.0,patent_structured_microstructure_table,table_structured_patent,FRT900.0-HBAnanxnanh-Tsoak670.0/3600.0s,US20230175104A1 Table 5 trial 10,Structured patent trial table extraction (US20230175104A1).,True,us20230175104_patent_trials|8.0|0.05|1.03|0.04|670.0|3600.0|0.15|patent_structured_microstructure_table
us20230175104_patent_trials,2023.0,US20230175104A1,https://patents.google.com/patent/US20230175104A1/en,open_patent_html,transfer_real_ra_stability.csv,transfer_real_patent_structured,transfer_or_secondary,8.0,0.05,1.03,0.04,,,,0.31,0.035,,675.0,300.0,0.44,44.0,patent_structured_microstructure_table,table_structured_patent,FRT900.0-HBAnanxnanh-Tsoak675.0/300.0s,US20230175104A1 Table 5 trial 11,Structured patent trial table extraction (US20230175104A1).,True,us20230175104_patent_trials|8.0|0.05|1.03|0.04|675.0|300.0|0.44|patent_structured_microstructure_table
us20230175104_patent_trials,2023.0,US20230175104A1,https://patents.google.com/patent/US20230175104A1/en,open_patent_html,transfer_real_ra_stability.csv,transfer_real_patent_structured,transfer_or_secondary,7.7,0.15,0.96,0.02,,,,0.22,,,690.0,120.0,0.35,35.0,patent_structured_microstructure_table,table_structured_patent,FRT850.0-HBA630.0x40.0h-Tsoak690.0/120.0s,US20230175104A1 Table 5 trial 12,Structured patent trial table extraction (US20230175104A1).,True,us20230175104_patent_trials|7.7|0.15|0.96|0.02|690.0|120.0|0.35|patent_structured_microstructure_table
us20230175104_patent_trials,2023.0,US20230175104A1,https://patents.google.com/patent/US20230175104A1/en,open_patent_html,transfer_real_ra_stability.csv,transfer_real_patent_structured,transfer_or_secondary,7.7,0.15,0.94,0.02,,,,0.22,,,690.0,120.0,0.5,50.0,patent_structured_microstructure_table,table_structured_patent,FRT850.0-HBA640.0x10.0h-Tsoak690.0/120.0s,US20230175104A1 Table 5 trial 13,Structured patent trial table extraction (US20230175104A1).,True,us20230175104_patent_trials|7.7|0.15|0.94|0.02|690.0|120.0|0.5|patent_structured_microstructure_table
us20230175104_patent_trials,2023.0,US20230175104A1,https://patents.google.com/patent/US20230175104A1/en,open_patent_html,transfer_real_ra_stability.csv,transfer_real_patent_structured,transfer_or_secondary,7.7,0.15,0.94,0.02,,,,0.22,,,700.0,120.0,0.53,53.0,patent_structured_microstructure_table,table_structured_patent,FRT850.0-HBA640.0x10.0h-Tsoak700.0/120.0s,US20230175104A1 Table 5 trial 14,Structured patent trial table extraction (US20230175104A1).,True,us20230175104_patent_trials|7.7|0.15|0.94|0.02|700.0|120.0|0.53|patent_structured_microstructure_table
us20230175104_patent_trials,2023.0,US20230175104A1,https://patents.google.com/patent/US20230175104A1/en,open_patent_html,transfer_real_ra_stability.csv,transfer_real_patent_structured,transfer_or_secondary,7.7,0.15,0.94,0.02,,,,0.22,,,710.0,120.0,0.55,55.0,patent_structured_microstructure_table,table_structured_patent,FRT850.0-HBA640.0x10.0h-Tsoak710.0/120.0s,US20230175104A1 Table 5 trial 15,Structured patent trial table extraction (US20230175104A1).,True,us20230175104_patent_trials|7.7|0.15|0.94|0.02|710.0|120.0|0.55|patent_structured_microstructure_table
us20230295782_patent_trials,2023.0,US20230295782A1,https://patents.google.com/patent/US20230295782A1/en,open_patent_html,transfer_real_ra_stability.csv,transfer_real_patent_structured,transfer_or_secondary,7.7,0.16,0.96,0.809,,,,0.22,0.018,,450.0,250.0,0.24,24.0,patent_structured_microstructure_table,table_structured_patent,FRT900.0-CT450.0-HBA640.0x10.0h-CR50.0-Tsoak830.0/120.0s-Q100.0-P450.0/250.0s,US20230295782A1 Table 5 trial 1,Structured patent trial table extraction (US20230295782A1).,True,us20230295782_patent_trials|7.7|0.16|0.96|0.809|450.0|250.0|0.24|patent_structured_microstructure_table
us20230295782_patent_trials,2023.0,US20230295782A1,https://patents.google.com/patent/US20230295782A1/en,open_patent_html,transfer_real_ra_stability.csv,transfer_real_patent_structured,transfer_or_secondary,7.7,0.16,0.96,0.809,,,,0.22,0.018,,450.0,250.0,0.23,23.0,patent_structured_microstructure_table,table_structured_patent,FRT900.0-CT450.0-HBA640.0x10.0h-CR50.0-Tsoak830.0/120.0s-Q70.0-P450.0/250.0s,US20230295782A1 Table 5 trial 2,Structured patent trial table extraction (US20230295782A1).,True,us20230295782_patent_trials|7.7|0.16|0.96|0.809|450.0|250.0|0.23|patent_structured_microstructure_table
us20230295782_patent_trials,2023.0,US20230295782A1,https://patents.google.com/patent/US20230295782A1/en,open_patent_html,transfer_real_ra_stability.csv,transfer_real_patent_structured,transfer_or_secondary,7.7,0.16,0.96,0.809,,,,0.22,0.018,,450.0,100.0,0.23,23.0,patent_structured_microstructure_table,table_structured_patent,FRT900.0-CT450.0-HBA640.0x10.0h-CR50.0-Tsoak830.0/120.0s-Q60.0-P450.0/100.0s,US20230295782A1 Table 5 trial 3,Structured patent trial table extraction (US20230295782A1).,True,us20230295782_patent_trials|7.7|0.16|0.96|0.809|450.0|100.0|0.23|patent_structured_microstructure_table
us20230295782_patent_trials,2023.0,US20230295782A1,https://patents.google.com/patent/US20230295782A1/en,open_patent_html,transfer_real_ra_stability.csv,transfer_real_patent_structured,transfer_or_secondary,7.7,0.16,0.96,0.809,,,,0.22,0.018,,400.0,250.0,0.15,15.0,patent_structured_microstructure_table,table_structured_patent,FRT900.0-CT450.0-HBA640.0x10.0h-CR50.0-Tsoak800.0/120.0s-Q30.0-P400.0/250.0s,US20230295782A1 Table 5 trial 5,Structured patent trial table extraction (US20230295782A1).,True,us20230295782_patent_trials|7.7|0.16|0.96|0.809|400.0|250.0|0.15|patent_structured_microstructure_table
us20230295782_patent_trials,2023.0,US20230295782A1,https://patents.google.com/patent/US20230295782A1/en,open_patent_html,transfer_real_ra_stability.csv,transfer_real_patent_structured,transfer_or_secondary,7.7,0.16,0.96,0.809,,,,0.22,0.018,,450.0,250.0,0.26,26.0,patent_structured_microstructure_table,table_structured_patent,FRT900.0-CT450.0-HBA640.0x10.0h-CR50.0-Tsoak780.0/120.0s-Q70.0-P450.0/250.0s,US20230295782A1 Table 5 trial 6,Structured patent trial table extraction (US20230295782A1).,True,us20230295782_patent_trials|7.7|0.16|0.96|0.809|450.0|250.0|0.26|patent_structured_microstructure_table
us20230295782_patent_trials,2023.0,US20230295782A1,https://patents.google.com/patent/US20230295782A1/en,open_patent_html,transfer_real_ra_stability.csv,transfer_real_patent_structured,transfer_or_secondary,7.7,0.16,0.96,0.809,,,,0.22,0.018,,450.0,250.0,0.22,22.0,patent_structured_microstructure_table,table_structured_patent,FRT900.0-CT450.0-HBA640.0x10.0h-CR50.0-Tsoak780.0/120.0s-Q40.0-P450.0/250.0s,US20230295782A1 Table 5 trial 7,Structured patent trial table extraction (US20230295782A1).,True,us20230295782_patent_trials|7.7|0.16|0.96|0.809|450.0|250.0|0.22|patent_structured_microstructure_table
us20230295782_patent_trials,2023.0,US20230295782A1,https://patents.google.com/patent/US20230295782A1/en,open_patent_html,transfer_real_ra_stability.csv,transfer_real_patent_structured,transfer_or_secondary,7.0,0.15,0.03,0.295,,,,0.2,0.022,,440.0,220.0,0.33,33.0,patent_structured_microstructure_table,table_structured_patent,FRT850.0-CT450.0-HBA650.0x40.0h-CR50.0-Tsoak780.0/120.0s-Q80.0-P440.0/220.0s,US20230295782A1 Table 5 trial 9,Structured patent trial table extraction (US20230295782A1).,True,us20230295782_patent_trials|7.0|0.15|0.03|0.295|440.0|220.0|0.33|patent_structured_microstructure_table
us20230295782_patent_trials,2023.0,US20230295782A1,https://patents.google.com/patent/US20230295782A1/en,open_patent_html,transfer_real_ra_stability.csv,transfer_real_patent_structured,transfer_or_secondary,7.0,0.15,0.03,0.295,,,,0.2,0.022,,440.0,220.0,0.31,31.0,patent_structured_microstructure_table,table_structured_patent,FRT850.0-CT450.0-HBA650.0x40.0h-CR50.0-Tsoak820.0/120.0s-Q90.0-P440.0/220.0s,US20230295782A1 Table 5 trial 10,Structured patent trial table extraction (US20230295782A1).,True,us20230295782_patent_trials|7.0|0.15|0.03|0.295|440.0|220.0|0.31|patent_structured_microstructure_table
us20230295782_patent_trials,2023.0,US20230295782A1,https://patents.google.com/patent/US20230295782A1/en,open_patent_html,transfer_real_ra_stability.csv,transfer_real_patent_structured,transfer_or_secondary,7.0,0.15,0.03,0.295,,,,0.2,0.022,,440.0,220.0,0.24,24.0,patent_structured_microstructure_table,table_structured_patent,FRT850.0-CT450.0-HBA650.0x40.0h-CR50.0-Tsoak850.0/120.0s-Q62.0-P440.0/220.0s,US20230295782A1 Table 5 trial 11,Structured patent trial table extraction (US20230295782A1).,True,us20230295782_patent_trials|7.0|0.15|0.03|0.295|440.0|220.0|0.24|patent_structured_microstructure_table
us20230295782_patent_trials,2023.0,US20230295782A1,https://patents.google.com/patent/US20230295782A1/en,open_patent_html,transfer_real_ra_stability.csv,transfer_real_patent_structured,transfer_or_secondary,7.0,0.15,0.03,0.295,,,,0.2,0.022,,440.0,220.0,0.3,30.0,patent_structured_microstructure_table,table_structured_patent,FRT850.0-CT450.0-HBA650.0x40.0h-CR50.0-Tsoak850.0/120.0s-Q100.0-P440.0/220.0s,US20230295782A1 Table 5 trial 12,Structured patent trial table extraction (US20230295782A1).,True,us20230295782_patent_trials|7.0|0.15|0.03|0.295|440.0|220.0|0.3|patent_structured_microstructure_table
us20230295782_patent_trials,2023.0,US20230295782A1,https://patents.google.com/patent/US20230295782A1/en,open_patent_html,transfer_real_ra_stability.csv,transfer_real_patent_structured,transfer_or_secondary,3.9,0.19,0.39,1.27,,,,0.2,0.02,,440.0,240.0,0.12,12.0,patent_structured_microstructure_table,table_structured_patent,FRT850.0-CT450.0-HBA630.0x17.0h-CR50.0-Tsoak820.0/140.0s-Q180.0-P440.0/240.0s,US20230295782A1 Table 5 trial 13,Structured patent trial table extraction (US20230295782A1).,True,us20230295782_patent_trials|3.9|0.19|0.39|1.27|440.0|240.0|0.12|patent_structured_microstructure_table
us20230295782_patent_trials,2023.0,US20230295782A1,https://patents.google.com/patent/US20230295782A1/en,open_patent_html,transfer_real_ra_stability.csv,transfer_real_patent_structured,transfer_or_secondary,3.8,0.17,0.757,1.52,,,,0.2,0.03,,400.0,220.0,0.18,18.0,patent_structured_microstructure_table,table_structured_patent,FRT900.0-CT450.0-HBA600.0x5.0h-CR50.0-Tsoak840.0/100.0s-Q140.0-P400.0/220.0s,US20230295782A1 Table 5 trial 14,Structured patent trial table extraction (US20230295782A1).,True,us20230295782_patent_trials|3.8|0.17|0.757|1.52|400.0|220.0|0.18|patent_structured_microstructure_table
us20230295782_patent_trials,2023.0,US20230295782A1,https://patents.google.com/patent/US20230295782A1/en,open_patent_html,transfer_real_ra_stability.csv,transfer_real_patent_structured,transfer_or_secondary,4.0,0.21,0.034,1.5,,,,0.001,,,450.0,120.0,0.14,14.0,patent_structured_microstructure_table,table_structured_patent,FRT900.0-CT30.0-HBA600.0x6.0h-CR50.0-Tsoak830.0/30.0s-Q170.0-P450.0/120.0s,US20230295782A1 Table 5 trial 15,Structured patent trial table extraction (US20230295782A1).,True,us20230295782_patent_trials|4.0|0.21|0.034|1.5|450.0|120.0|0.14|patent_structured_microstructure_table
arlazarov_thesis_2015,2015.0,arlazarov_thesis_2015,http://docnum.univ-lorraine.fr/public/DDOC_T_2015_0086_ARLAZAROV.pdf,open_thesis_pdf,transfer_real_ra_stability.csv,transfer_real_thesis_structured,transfer_or_secondary,4.7,0.098,,,,,,,,,650.0,180.0,0.146,14.6,thesis_multi_method_table,table_thesis,cold-rolled ART at 650C with variable holding time then water quench,Arlazarov Thesis Table (page 109) 3min WQ,Arlazarov thesis Table on RA evolution at 650C hold then WQ.,True,arlazarov_thesis_2015|4.7|0.098|nan|nan|650.0|180.0|0.146|thesis_multi_method_table
arlazarov_thesis_2015,2015.0,arlazarov_thesis_2015,http://docnum.univ-lorraine.fr/public/DDOC_T_2015_0086_ARLAZAROV.pdf,open_thesis_pdf,transfer_real_ra_stability.csv,transfer_real_thesis_structured,transfer_or_secondary,4.7,0.098,,,,,,,,,650.0,600.0,0.214,21.4,thesis_multi_method_table,table_thesis,cold-rolled ART at 650C with variable holding time then water quench,Arlazarov Thesis Table (page 109) 10min WQ,Arlazarov thesis Table on RA evolution at 650C hold then WQ.,True,arlazarov_thesis_2015|4.7|0.098|nan|nan|650.0|600.0|0.214|thesis_multi_method_table
arlazarov_thesis_2015,2015.0,arlazarov_thesis_2015,http://docnum.univ-lorraine.fr/public/DDOC_T_2015_0086_ARLAZAROV.pdf,open_thesis_pdf,transfer_real_ra_stability.csv,transfer_real_thesis_structured,transfer_or_secondary,4.7,0.098,,,,,,,,,650.0,1800.0,0.259,25.9,thesis_multi_method_table,table_thesis,cold-rolled ART at 650C with variable holding time then water quench,Arlazarov Thesis Table (page 109) 30min WQ,Arlazarov thesis Table on RA evolution at 650C hold then WQ.,True,arlazarov_thesis_2015|4.7|0.098|nan|nan|650.0|1800.0|0.259|thesis_multi_method_table
arlazarov_thesis_2015,2015.0,arlazarov_thesis_2015,http://docnum.univ-lorraine.fr/public/DDOC_T_2015_0086_ARLAZAROV.pdf,open_thesis_pdf,transfer_real_ra_stability.csv,transfer_real_thesis_structured,transfer_or_secondary,4.7,0.098,,,,,,,,,650.0,3600.0,0.301,30.1,thesis_multi_method_table,table_thesis,cold-rolled ART at 650C with variable holding time then water quench,Arlazarov Thesis Table (page 109) 1h WQ,Arlazarov thesis Table on RA evolution at 650C hold then WQ.,True,arlazarov_thesis_2015|4.7|0.098|nan|nan|650.0|3600.0|0.301|thesis_multi_method_table
arlazarov_thesis_2015,2015.0,arlazarov_thesis_2015,http://docnum.univ-lorraine.fr/public/DDOC_T_2015_0086_ARLAZAROV.pdf,open_thesis_pdf,transfer_real_ra_stability.csv,transfer_real_thesis_structured,transfer_or_secondary,4.7,0.098,,,,,,,,,650.0,7200.0,0.262,26.2,thesis_multi_method_table,table_thesis,cold-rolled ART at 650C with variable holding time then water quench,Arlazarov Thesis Table (page 109) 2h WQ,Arlazarov thesis Table on RA evolution at 650C hold then WQ.,True,arlazarov_thesis_2015|4.7|0.098|nan|nan|650.0|7200.0|0.262|thesis_multi_method_table
arlazarov_thesis_2015,2015.0,arlazarov_thesis_2015,http://docnum.univ-lorraine.fr/public/DDOC_T_2015_0086_ARLAZAROV.pdf,open_thesis_pdf,transfer_real_ra_stability.csv,transfer_real_thesis_structured,transfer_or_secondary,4.7,0.098,,,,,,,,,650.0,10800.0,0.257,25.7,thesis_multi_method_table,table_thesis,cold-rolled ART at 650C with variable holding time then water quench,Arlazarov Thesis Table (page 109) 3h WQ,Arlazarov thesis Table on RA evolution at 650C hold then WQ.,True,arlazarov_thesis_2015|4.7|0.098|nan|nan|650.0|10800.0|0.257|thesis_multi_method_table
arlazarov_thesis_2015,2015.0,arlazarov_thesis_2015,http://docnum.univ-lorraine.fr/public/DDOC_T_2015_0086_ARLAZAROV.pdf,open_thesis_pdf,transfer_real_ra_stability.csv,transfer_real_thesis_structured,transfer_or_secondary,4.7,0.098,,,,,,,,,650.0,25200.0,0.226,22.6,thesis_multi_method_table,table_thesis,cold-rolled ART at 650C with variable holding time then water quench,Arlazarov Thesis Table (page 109) 7h WQ,Arlazarov thesis Table on RA evolution at 650C hold then WQ.,True,arlazarov_thesis_2015|4.7|0.098|nan|nan|650.0|25200.0|0.226|thesis_multi_method_table
arlazarov_thesis_2015,2015.0,arlazarov_thesis_2015,http://docnum.univ-lorraine.fr/public/DDOC_T_2015_0086_ARLAZAROV.pdf,open_thesis_pdf,transfer_real_ra_stability.csv,transfer_real_thesis_structured,transfer_or_secondary,4.7,0.098,,,,,,,,,650.0,36000.0,0.225,22.5,thesis_multi_method_table,table_thesis,cold-rolled ART at 650C with variable holding time then water quench,Arlazarov Thesis Table (page 109) 10h WQ,Arlazarov thesis Table on RA evolution at 650C hold then WQ.,True,arlazarov_thesis_2015|4.7|0.098|nan|nan|650.0|36000.0|0.225|thesis_multi_method_table
arlazarov_thesis_2015,2015.0,arlazarov_thesis_2015,http://docnum.univ-lorraine.fr/public/DDOC_T_2015_0086_ARLAZAROV.pdf,open_thesis_pdf,transfer_real_ra_stability.csv,transfer_real_thesis_structured,transfer_or_secondary,4.7,0.098,,,,,,,,,650.0,72000.0,0.21100000000000002,21.1,thesis_multi_method_table,table_thesis,cold-rolled ART at 650C with variable holding time then water quench,Arlazarov Thesis Table (page 109) 20h WQ,Arlazarov thesis Table on RA evolution at 650C hold then WQ.,True,arlazarov_thesis_2015|4.7|0.098|nan|nan|650.0|72000.0|0.211|thesis_multi_method_table
arlazarov_thesis_2015,2015.0,arlazarov_thesis_2015,http://docnum.univ-lorraine.fr/public/DDOC_T_2015_0086_ARLAZAROV.pdf,open_thesis_pdf,transfer_real_ra_stability.csv,transfer_real_thesis_structured,transfer_or_secondary,4.7,0.098,,,,,,,,,650.0,108000.0,0.203,20.3,thesis_multi_method_table,table_thesis,cold-rolled ART at 650C with variable holding time then water quench,Arlazarov Thesis Table (page 109) 30h WQ,Arlazarov thesis Table on RA evolution at 650C hold then WQ.,True,arlazarov_thesis_2015|4.7|0.098|nan|nan|650.0|108000.0|0.203|thesis_multi_method_table
arlazarov_thesis_2015_gba,2015.0,arlazarov_thesis_2015,http://docnum.univ-lorraine.fr/public/DDOC_T_2015_0086_ARLAZAROV.pdf,open_thesis_pdf,transfer_real_ra_stability.csv,transfer_real_thesis_structured,transfer_or_secondary,4.7,0.098,,,,,,,,,697.0,72000.0,0.2,20.0,XRD,table_thesis,gradient-batch-anneal 20h then air cool (GBA trial),Arlazarov Thesis Table 16 (page 174) TC=697.0,Measured RA by XRD in gradient batch annealing trial; RA column converted from 0.xx to percent.,True,arlazarov_thesis_2015_gba|4.7|0.098|nan|nan|697.0|72000.0|0.2|xrd
arlazarov_thesis_2015_gba,2015.0,arlazarov_thesis_2015,http://docnum.univ-lorraine.fr/public/DDOC_T_2015_0086_ARLAZAROV.pdf,open_thesis_pdf,transfer_real_ra_stability.csv,transfer_real_thesis_structured,transfer_or_secondary,4.7,0.098,,,,,,,,,690.0,72000.0,0.28,28.000000000000004,XRD,table_thesis,gradient-batch-anneal 20h then air cool (GBA trial),Arlazarov Thesis Table 16 (page 174) TC=690.0,Measured RA by XRD in gradient batch annealing trial; RA column converted from 0.xx to percent.,True,arlazarov_thesis_2015_gba|4.7|0.098|nan|nan|690.0|72000.0|0.28|xrd
arlazarov_thesis_2015_gba,2015.0,arlazarov_thesis_2015,http://docnum.univ-lorraine.fr/public/DDOC_T_2015_0086_ARLAZAROV.pdf,open_thesis_pdf,transfer_real_ra_stability.csv,transfer_real_thesis_structured,transfer_or_secondary,4.7,0.098,,,,,,,,,684.0,72000.0,0.28,28.000000000000004,XRD,table_thesis,gradient-batch-anneal 20h then air cool (GBA trial),Arlazarov Thesis Table 16 (page 174) TC=684.0,Measured RA by XRD in gradient batch annealing trial; RA column converted from 0.xx to percent.,True,arlazarov_thesis_2015_gba|4.7|0.098|nan|nan|684.0|72000.0|0.28|xrd
arlazarov_thesis_2015_gba,2015.0,arlazarov_thesis_2015,http://docnum.univ-lorraine.fr/public/DDOC_T_2015_0086_ARLAZAROV.pdf,open_thesis_pdf,transfer_real_ra_stability.csv,transfer_real_thesis_structured,transfer_or_secondary,4.7,0.098,,,,,,,,,678.0,72000.0,0.27,27.0,XRD,table_thesis,gradient-batch-anneal 20h then air cool (GBA trial),Arlazarov Thesis Table 16 (page 174) TC=678.0,Measured RA by XRD in gradient batch annealing trial; RA column converted from 0.xx to percent.,True,arlazarov_thesis_2015_gba|4.7|0.098|nan|nan|678.0|72000.0|0.27|xrd
arlazarov_thesis_2015_gba,2015.0,arlazarov_thesis_2015,http://docnum.univ-lorraine.fr/public/DDOC_T_2015_0086_ARLAZAROV.pdf,open_thesis_pdf,transfer_real_ra_stability.csv,transfer_real_thesis_structured,transfer_or_secondary,4.7,0.098,,,,,,,,,671.0,72000.0,0.3,30.0,XRD,table_thesis,gradient-batch-anneal 20h then air cool (GBA trial),Arlazarov Thesis Table 16 (page 174) TC=671.0,Measured RA by XRD in gradient batch annealing trial; RA column converted from 0.xx to percent.,True,arlazarov_thesis_2015_gba|4.7|0.098|nan|nan|671.0|72000.0|0.3|xrd
arlazarov_thesis_2015_gba,2015.0,arlazarov_thesis_2015,http://docnum.univ-lorraine.fr/public/DDOC_T_2015_0086_ARLAZAROV.pdf,open_thesis_pdf,transfer_real_ra_stability.csv,transfer_real_thesis_structured,transfer_or_secondary,4.7,0.098,,,,,,,,,665.0,72000.0,0.27,27.0,XRD,table_thesis,gradient-batch-anneal 20h then air cool (GBA trial),Arlazarov Thesis Table 16 (page 174) TC=665.0,Measured RA by XRD in gradient batch annealing trial; RA column converted from 0.xx to percent.,True,arlazarov_thesis_2015_gba|4.7|0.098|nan|nan|665.0|72000.0|0.27|xrd
arlazarov_thesis_2015_gba,2015.0,arlazarov_thesis_2015,http://docnum.univ-lorraine.fr/public/DDOC_T_2015_0086_ARLAZAROV.pdf,open_thesis_pdf,transfer_real_ra_stability.csv,transfer_real_thesis_structured,transfer_or_secondary,4.7,0.098,,,,,,,,,658.0,72000.0,0.25,25.0,XRD,table_thesis,gradient-batch-anneal 20h then air cool (GBA trial),Arlazarov Thesis Table 16 (page 174) TC=658.0,Measured RA by XRD in gradient batch annealing trial; RA column converted from 0.xx to percent.,True,arlazarov_thesis_2015_gba|4.7|0.098|nan|nan|658.0|72000.0|0.25|xrd
arlazarov_thesis_2015_gba,2015.0,arlazarov_thesis_2015,http://docnum.univ-lorraine.fr/public/DDOC_T_2015_0086_ARLAZAROV.pdf,open_thesis_pdf,transfer_real_ra_stability.csv,transfer_real_thesis_structured,transfer_or_secondary,4.7,0.098,,,,,,,,,652.0,72000.0,0.24,24.0,XRD,table_thesis,gradient-batch-anneal 20h then air cool (GBA trial),Arlazarov Thesis Table 16 (page 174) TC=652.0,Measured RA by XRD in gradient batch annealing trial; RA column converted from 0.xx to percent.,True,arlazarov_thesis_2015_gba|4.7|0.098|nan|nan|652.0|72000.0|0.24|xrd
arlazarov_thesis_2015_gba,2015.0,arlazarov_thesis_2015,http://docnum.univ-lorraine.fr/public/DDOC_T_2015_0086_ARLAZAROV.pdf,open_thesis_pdf,transfer_real_ra_stability.csv,transfer_real_thesis_structured,transfer_or_secondary,4.7,0.098,,,,,,,,,646.0,72000.0,0.22,22.0,XRD,table_thesis,gradient-batch-anneal 20h then air cool (GBA trial),Arlazarov Thesis Table 16 (page 174) TC=646.0,Measured RA by XRD in gradient batch annealing trial; RA column converted from 0.xx to percent.,True,arlazarov_thesis_2015_gba|4.7|0.098|nan|nan|646.0|72000.0|0.22|xrd
arlazarov_thesis_2015_gba,2015.0,arlazarov_thesis_2015,http://docnum.univ-lorraine.fr/public/DDOC_T_2015_0086_ARLAZAROV.pdf,open_thesis_pdf,transfer_real_ra_stability.csv,transfer_real_thesis_structured,transfer_or_secondary,4.7,0.098,,,,,,,,,639.0,72000.0,0.2,20.0,XRD,table_thesis,gradient-batch-anneal 20h then air cool (GBA trial),Arlazarov Thesis Table 16 (page 174) TC=639.0,Measured RA by XRD in gradient batch annealing trial; RA column converted from 0.xx to percent.,True,arlazarov_thesis_2015_gba|4.7|0.098|nan|nan|639.0|72000.0|0.2|xrd
arlazarov_thesis_2015_gba,2015.0,arlazarov_thesis_2015,http://docnum.univ-lorraine.fr/public/DDOC_T_2015_0086_ARLAZAROV.pdf,open_thesis_pdf,transfer_real_ra_stability.csv,transfer_real_thesis_structured,transfer_or_secondary,4.7,0.098,,,,,,,,,633.0,72000.0,0.17,17.0,XRD,table_thesis,gradient-batch-anneal 20h then air cool (GBA trial),Arlazarov Thesis Table 16 (page 174) TC=633.0,Measured RA by XRD in gradient batch annealing trial; RA column converted from 0.xx to percent.,True,arlazarov_thesis_2015_gba|4.7|0.098|nan|nan|633.0|72000.0|0.17|xrd
arlazarov_thesis_2015_gba,2015.0,arlazarov_thesis_2015,http://docnum.univ-lorraine.fr/public/DDOC_T_2015_0086_ARLAZAROV.pdf,open_thesis_pdf,transfer_real_ra_stability.csv,transfer_real_thesis_structured,transfer_or_secondary,4.7,0.098,,,,,,,,,626.0,72000.0,0.14,14.000000000000002,XRD,table_thesis,gradient-batch-anneal 20h then air cool (GBA trial),Arlazarov Thesis Table 16 (page 174) TC=626.0,Measured RA by XRD in gradient batch annealing trial; RA column converted from 0.xx to percent.,True,arlazarov_thesis_2015_gba|4.7|0.098|nan|nan|626.0|72000.0|0.14|xrd
arlazarov_thesis_2015_gba,2015.0,arlazarov_thesis_2015,http://docnum.univ-lorraine.fr/public/DDOC_T_2015_0086_ARLAZAROV.pdf,open_thesis_pdf,transfer_real_ra_stability.csv,transfer_real_thesis_structured,transfer_or_secondary,4.7,0.098,,,,,,,,,620.0,72000.0,0.09,9.0,XRD,table_thesis,gradient-batch-anneal 20h then air cool (GBA trial),Arlazarov Thesis Table 16 (page 174) TC=620.0,Measured RA by XRD in gradient batch annealing trial; RA column converted from 0.xx to percent.,True,arlazarov_thesis_2015_gba|4.7|0.098|nan|nan|620.0|72000.0|0.09|xrd
arlazarov_thesis_2015_gba,2015.0,arlazarov_thesis_2015,http://docnum.univ-lorraine.fr/public/DDOC_T_2015_0086_ARLAZAROV.pdf,open_thesis_pdf,transfer_real_ra_stability.csv,transfer_real_thesis_structured,transfer_or_secondary,4.7,0.098,,,,,,,,,614.0,72000.0,0.06,6.0,XRD,table_thesis,gradient-batch-anneal 20h then air cool (GBA trial),Arlazarov Thesis Table 16 (page 174) TC=614.0,Measured RA by XRD in gradient batch annealing trial; RA column converted from 0.xx to percent.,True,arlazarov_thesis_2015_gba|4.7|0.098|nan|nan|614.0|72000.0|0.06|xrd
arlazarov_thesis_2015_gba,2015.0,arlazarov_thesis_2015,http://docnum.univ-lorraine.fr/public/DDOC_T_2015_0086_ARLAZAROV.pdf,open_thesis_pdf,transfer_real_ra_stability.csv,transfer_real_thesis_structured,transfer_or_secondary,4.7,0.098,,,,,,,,,607.0,72000.0,0.03,3.0,XRD,table_thesis,gradient-batch-anneal 20h then air cool (GBA trial),Arlazarov Thesis Table 16 (page 174) TC=607.0,Measured RA by XRD in gradient batch annealing trial; RA column converted from 0.xx to percent.,True,arlazarov_thesis_2015_gba|4.7|0.098|nan|nan|607.0|72000.0|0.03|xrd
kozlowska_2021_mech_3mn,2021.0,10.1007/s43452-021-00284-6,https://link.springer.com/content/pdf/10.1007/s43452-021-00284-6.pdf,open_access_pdf,transfer_real_ra_stability.csv,transfer_real_mechanical_temp,transfer_or_secondary,3.1,0.17,1.6,0.22,,,,0.22,0.04,,,,0.121,12.1,XRD,table,hot-rolled -> 700C/15s -> 400C/300s isothermal hold; tensile at set deformation temperature,Kozlowska 2021 Table 2 3Mn row Initial state,RA after tensile at deformation temperature. ,False,kozlowska_2021_mech_3mn|3.1|0.17|1.6|0.22|nan|nan|0.121|xrd
kozlowska_2021_mech_5mn,2021.0,10.1007/s43452-021-00284-6,https://link.springer.com/content/pdf/10.1007/s43452-021-00284-6.pdf,open_access_pdf,transfer_real_ra_stability.csv,transfer_real_mechanical_temp,transfer_or_secondary,5.0,0.17,1.5,0.21,,,,0.2,0.03,,,,0.08,8.0,XRD,table,hot-rolled -> direct 400C/300s isothermal hold; tensile at set deformation temperature,Kozlowska 2021 Table 2 5Mn row Initial state,RA after tensile at deformation temperature. ,False,kozlowska_2021_mech_5mn|5.0|0.17|1.5|0.21|nan|nan|0.08|xrd
kozlowska_2021_mech_3mn,2021.0,10.1007/s43452-021-00284-6,https://link.springer.com/content/pdf/10.1007/s43452-021-00284-6.pdf,open_access_pdf,transfer_real_ra_stability.csv,transfer_real_mechanical_temp,transfer_or_secondary,3.1,0.17,1.6,0.22,,,,0.22,0.04,,20.0,,0.027000000000000003,2.7,XRD,table,hot-rolled -> 700C/15s -> 400C/300s isothermal hold; tensile at set deformation temperature,Kozlowska 2021 Table 2 3Mn row 20,RA after tensile at deformation temperature. ,False,kozlowska_2021_mech_3mn|3.1|0.17|1.6|0.22|20.0|nan|0.027|xrd
kozlowska_2021_mech_5mn,2021.0,10.1007/s43452-021-00284-6,https://link.springer.com/content/pdf/10.1007/s43452-021-00284-6.pdf,open_access_pdf,transfer_real_ra_stability.csv,transfer_real_mechanical_temp,transfer_or_secondary,5.0,0.17,1.5,0.21,,,,0.2,0.03,,20.0,,0.02,2.0,XRD,table,hot-rolled -> direct 400C/300s isothermal hold; tensile at set deformation temperature,Kozlowska 2021 Table 2 5Mn row 20,RA after tensile at deformation temperature. RA_note=lower_bound.,False,kozlowska_2021_mech_5mn|5.0|0.17|1.5|0.21|20.0|nan|0.02|xrd
kozlowska_2021_mech_3mn,2021.0,10.1007/s43452-021-00284-6,https://link.springer.com/content/pdf/10.1007/s43452-021-00284-6.pdf,open_access_pdf,transfer_real_ra_stability.csv,transfer_real_mechanical_temp,transfer_or_secondary,3.1,0.17,1.6,0.22,,,,0.22,0.04,,60.0,,0.059000000000000004,5.9,XRD,table,hot-rolled -> 700C/15s -> 400C/300s isothermal hold; tensile at set deformation temperature,Kozlowska 2021 Table 2 3Mn row 60,RA after tensile at deformation temperature. ,False,kozlowska_2021_mech_3mn|3.1|0.17|1.6|0.22|60.0|nan|0.059|xrd
kozlowska_2021_mech_5mn,2021.0,10.1007/s43452-021-00284-6,https://link.springer.com/content/pdf/10.1007/s43452-021-00284-6.pdf,open_access_pdf,transfer_real_ra_stability.csv,transfer_real_mechanical_temp,transfer_or_secondary,5.0,0.17,1.5,0.21,,,,0.2,0.03,,60.0,,0.02,2.0,XRD,table,hot-rolled -> direct 400C/300s isothermal hold; tensile at set deformation temperature,Kozlowska 2021 Table 2 5Mn row 60,RA after tensile at deformation temperature. RA_note=lower_bound.,False,kozlowska_2021_mech_5mn|5.0|0.17|1.5|0.21|60.0|nan|0.02|xrd
kozlowska_2021_mech_3mn,2021.0,10.1007/s43452-021-00284-6,https://link.springer.com/content/pdf/10.1007/s43452-021-00284-6.pdf,open_access_pdf,transfer_real_ra_stability.csv,transfer_real_mechanical_temp,transfer_or_secondary,3.1,0.17,1.6,0.22,,,,0.22,0.04,,100.0,,0.078,7.8,XRD,table,hot-rolled -> 700C/15s -> 400C/300s isothermal hold; tensile at set deformation temperature,Kozlowska 2021 Table 2 3Mn row 100,RA after tensile at deformation temperature. ,False,kozlowska_2021_mech_3mn|3.1|0.17|1.6|0.22|100.0|nan|0.078|xrd
kozlowska_2021_mech_5mn,2021.0,10.1007/s43452-021-00284-6,https://link.springer.com/content/pdf/10.1007/s43452-021-00284-6.pdf,open_access_pdf,transfer_real_ra_stability.csv,transfer_real_mechanical_temp,transfer_or_secondary,5.0,0.17,1.5,0.21,,,,0.2,0.03,,100.0,,0.026000000000000002,2.6,XRD,table,hot-rolled -> direct 400C/300s isothermal hold; tensile at set deformation temperature,Kozlowska 2021 Table 2 5Mn row 100,RA after tensile at deformation temperature. ,False,kozlowska_2021_mech_5mn|5.0|0.17|1.5|0.21|100.0|nan|0.026|xrd
kozlowska_2021_mech_3mn,2021.0,10.1007/s43452-021-00284-6,https://link.springer.com/content/pdf/10.1007/s43452-021-00284-6.pdf,open_access_pdf,transfer_real_ra_stability.csv,transfer_real_mechanical_temp,transfer_or_secondary,3.1,0.17,1.6,0.22,,,,0.22,0.04,,140.0,,0.09300000000000001,9.3,XRD,table,hot-rolled -> 700C/15s -> 400C/300s isothermal hold; tensile at set deformation temperature,Kozlowska 2021 Table 2 3Mn row 140,RA after tensile at deformation temperature. ,False,kozlowska_2021_mech_3mn|3.1|0.17|1.6|0.22|140.0|nan|0.093|xrd
kozlowska_2021_mech_5mn,2021.0,10.1007/s43452-021-00284-6,https://link.springer.com/content/pdf/10.1007/s43452-021-00284-6.pdf,open_access_pdf,transfer_real_ra_stability.csv,transfer_real_mechanical_temp,transfer_or_secondary,5.0,0.17,1.5,0.21,,,,0.2,0.03,,140.0,,0.028999999999999998,2.9,XRD,table,hot-rolled -> direct 400C/300s isothermal hold; tensile at set deformation temperature,Kozlowska 2021 Table 2 5Mn row 140,RA after tensile at deformation temperature. ,False,kozlowska_2021_mech_5mn|5.0|0.17|1.5|0.21|140.0|nan|0.029|xrd
kozlowska_2021_mech_3mn,2021.0,10.1007/s43452-021-00284-6,https://link.springer.com/content/pdf/10.1007/s43452-021-00284-6.pdf,open_access_pdf,transfer_real_ra_stability.csv,transfer_real_mechanical_temp,transfer_or_secondary,3.1,0.17,1.6,0.22,,,,0.22,0.04,,200.0,,0.105,10.5,XRD,table,hot-rolled -> 700C/15s -> 400C/300s isothermal hold; tensile at set deformation temperature,Kozlowska 2021 Table 2 3Mn row 200,RA after tensile at deformation temperature. ,False,kozlowska_2021_mech_3mn|3.1|0.17|1.6|0.22|200.0|nan|0.105|xrd
kozlowska_2021_mech_5mn,2021.0,10.1007/s43452-021-00284-6,https://link.springer.com/content/pdf/10.1007/s43452-021-00284-6.pdf,open_access_pdf,transfer_real_ra_stability.csv,transfer_real_mechanical_temp,transfer_or_secondary,5.0,0.17,1.5,0.21,,,,0.2,0.03,,200.0,,0.034,3.4,XRD,table,hot-rolled -> direct 400C/300s isothermal hold; tensile at set deformation temperature,Kozlowska 2021 Table 2 5Mn row 200,RA after tensile at deformation temperature. ,False,kozlowska_2021_mech_5mn|5.0|0.17|1.5|0.21|200.0|nan|0.034|xrd
glover_phd_2020,2020.0,CSM_Glover_PhD_2020,https://wpfiles.mines.edu/wp-content/uploads/aspprc/ResearchMaterials/Theses/Glover%2C%20Alexandra%20%28PhD-2020%29.pdf,phd_thesis_pdf,thesis_pdf_mined_real_ra.csv,thesis_core_exact,experimental_core_exact,7.17,0.139,0.046,0.21,,0.026,0.083,0.018,0.01,0.004,,,0.408,40.8,XRD,table_pdf_mined,batch-annealed as-received BA-AR; industrial primary soak not disclosed,Table B.1,Retained austenite ferrite and athermal martensite fractions following double soaking heat treatment.,False,glover_phd_2020|7.17|0.139|0.046|0.21|nan|nan|0.408|xrd
glover_phd_2020,2020.0,CSM_Glover_PhD_2020,https://wpfiles.mines.edu/wp-content/uploads/aspprc/ResearchMaterials/Theses/Glover%2C%20Alexandra%20%28PhD-2020%29.pdf,phd_thesis_pdf,thesis_pdf_mined_real_ra.csv,thesis_core_exact,experimental_core_exact,7.17,0.139,0.046,0.21,,0.026,0.083,0.018,0.01,0.004,700.0,30.0,0.396,39.6,XRD,table_pdf_mined,BA-AR plus secondary soaking DS,Table B.1,DS 700C 30s.,True,glover_phd_2020|7.17|0.139|0.046|0.21|700.0|30.0|0.396|xrd
glover_phd_2020,2020.0,CSM_Glover_PhD_2020,https://wpfiles.mines.edu/wp-content/uploads/aspprc/ResearchMaterials/Theses/Glover%2C%20Alexandra%20%28PhD-2020%29.pdf,phd_thesis_pdf,thesis_pdf_mined_real_ra.csv,thesis_core_exact,experimental_core_exact,7.17,0.139,0.046,0.21,,0.026,0.083,0.018,0.01,0.004,700.0,60.0,0.43,43.0,XRD,table_pdf_mined,BA-AR plus secondary soaking DS,Table B.1,DS 700C 60s.,True,glover_phd_2020|7.17|0.139|0.046|0.21|700.0|60.0|0.43|xrd
glover_phd_2020,2020.0,CSM_Glover_PhD_2020,https://wpfiles.mines.edu/wp-content/uploads/aspprc/ResearchMaterials/Theses/Glover%2C%20Alexandra%20%28PhD-2020%29.pdf,phd_thesis_pdf,thesis_pdf_mined_real_ra.csv,thesis_core_exact,experimental_core_exact,7.17,0.139,0.046,0.21,,0.026,0.083,0.018,0.01,0.004,700.0,120.0,0.424,42.4,XRD,table_pdf_mined,BA-AR plus secondary soaking DS,Table B.1,DS 700C 120s.,True,glover_phd_2020|7.17|0.139|0.046|0.21|700.0|120.0|0.424|xrd
glover_phd_2020,2020.0,CSM_Glover_PhD_2020,https://wpfiles.mines.edu/wp-content/uploads/aspprc/ResearchMaterials/Theses/Glover%2C%20Alexandra%20%28PhD-2020%29.pdf,phd_thesis_pdf,thesis_pdf_mined_real_ra.csv,thesis_core_exact,experimental_core_exact,7.17,0.139,0.046,0.21,,0.026,0.083,0.018,0.01,0.004,725.0,30.0,0.393,39.3,XRD,table_pdf_mined,BA-AR plus secondary soaking DS,Table B.1,DS 725C 30s.,True,glover_phd_2020|7.17|0.139|0.046|0.21|725.0|30.0|0.393|xrd
glover_phd_2020,2020.0,CSM_Glover_PhD_2020,https://wpfiles.mines.edu/wp-content/uploads/aspprc/ResearchMaterials/Theses/Glover%2C%20Alexandra%20%28PhD-2020%29.pdf,phd_thesis_pdf,thesis_pdf_mined_real_ra.csv,thesis_core_exact,experimental_core_exact,7.17,0.139,0.046,0.21,,0.026,0.083,0.018,0.01,0.004,725.0,60.0,0.376,37.6,XRD,table_pdf_mined,BA-AR plus secondary soaking DS,Table B.1,DS 725C 60s.,True,glover_phd_2020|7.17|0.139|0.046|0.21|725.0|60.0|0.376|xrd
glover_phd_2020,2020.0,CSM_Glover_PhD_2020,https://wpfiles.mines.edu/wp-content/uploads/aspprc/ResearchMaterials/Theses/Glover%2C%20Alexandra%20%28PhD-2020%29.pdf,phd_thesis_pdf,thesis_pdf_mined_real_ra.csv,thesis_core_exact,experimental_core_exact,7.17,0.139,0.046,0.21,,0.026,0.083,0.018,0.01,0.004,725.0,120.0,0.312,31.2,XRD,table_pdf_mined,BA-AR plus secondary soaking DS,Table B.1,DS 725C 120s.,True,glover_phd_2020|7.17|0.139|0.046|0.21|725.0|120.0|0.312|xrd
glover_phd_2020,2020.0,CSM_Glover_PhD_2020,https://wpfiles.mines.edu/wp-content/uploads/aspprc/ResearchMaterials/Theses/Glover%2C%20Alexandra%20%28PhD-2020%29.pdf,phd_thesis_pdf,thesis_pdf_mined_real_ra.csv,thesis_core_exact,experimental_core_exact,7.17,0.139,0.046,0.21,,0.026,0.083,0.018,0.01,0.004,750.0,30.0,0.38,38.0,XRD,table_pdf_mined,BA-AR plus secondary soaking DS,Table B.1,DS 750C 30s.,True,glover_phd_2020|7.17|0.139|0.046|0.21|750.0|30.0|0.38|xrd
glover_phd_2020,2020.0,CSM_Glover_PhD_2020,https://wpfiles.mines.edu/wp-content/uploads/aspprc/ResearchMaterials/Theses/Glover%2C%20Alexandra%20%28PhD-2020%29.pdf,phd_thesis_pdf,thesis_pdf_mined_real_ra.csv,thesis_core_exact,experimental_core_exact,7.17,0.139,0.046,0.21,,0.026,0.083,0.018,0.01,0.004,750.0,60.0,0.34,34.0,XRD,table_pdf_mined,BA-AR plus secondary soaking DS,Table B.1,DS 750C 60s.,True,glover_phd_2020|7.17|0.139|0.046|0.21|750.0|60.0|0.34|xrd
glover_phd_2020,2020.0,CSM_Glover_PhD_2020,https://wpfiles.mines.edu/wp-content/uploads/aspprc/ResearchMaterials/Theses/Glover%2C%20Alexandra%20%28PhD-2020%29.pdf,phd_thesis_pdf,thesis_pdf_mined_real_ra.csv,thesis_core_exact,experimental_core_exact,7.17,0.139,0.046,0.21,,0.026,0.083,0.018,0.01,0.004,750.0,120.0,0.237,23.7,XRD,table_pdf_mined,BA-AR plus secondary soaking DS,Table B.1,DS 750C 120s.,True,glover_phd_2020|7.17|0.139|0.046|0.21|750.0|120.0|0.237|xrd
glover_phd_2020,2020.0,CSM_Glover_PhD_2020,https://wpfiles.mines.edu/wp-content/uploads/aspprc/ResearchMaterials/Theses/Glover%2C%20Alexandra%20%28PhD-2020%29.pdf,phd_thesis_pdf,thesis_pdf_mined_real_ra.csv,thesis_core_exact,experimental_core_exact,7.17,0.139,0.046,0.21,,0.026,0.083,0.018,0.01,0.004,775.0,30.0,0.345,34.5,XRD,table_pdf_mined,BA-AR plus secondary soaking DS,Table B.1,DS 775C 30s.,True,glover_phd_2020|7.17|0.139|0.046|0.21|775.0|30.0|0.345|xrd
glover_phd_2020,2020.0,CSM_Glover_PhD_2020,https://wpfiles.mines.edu/wp-content/uploads/aspprc/ResearchMaterials/Theses/Glover%2C%20Alexandra%20%28PhD-2020%29.pdf,phd_thesis_pdf,thesis_pdf_mined_real_ra.csv,thesis_core_exact,experimental_core_exact,7.17,0.139,0.046,0.21,,0.026,0.083,0.018,0.01,0.004,775.0,60.0,0.276,27.6,XRD,table_pdf_mined,BA-AR plus secondary soaking DS,Table B.1,DS 775C 60s.,True,glover_phd_2020|7.17|0.139|0.046|0.21|775.0|60.0|0.276|xrd
glover_phd_2020,2020.0,CSM_Glover_PhD_2020,https://wpfiles.mines.edu/wp-content/uploads/aspprc/ResearchMaterials/Theses/Glover%2C%20Alexandra%20%28PhD-2020%29.pdf,phd_thesis_pdf,thesis_pdf_mined_real_ra.csv,thesis_core_exact,experimental_core_exact,7.17,0.139,0.046,0.21,,0.026,0.083,0.018,0.01,0.004,775.0,120.0,0.218,21.8,XRD,table_pdf_mined,BA-AR plus secondary soaking DS,Table B.1,DS 775C 120s.,True,glover_phd_2020|7.17|0.139|0.046|0.21|775.0|120.0|0.218|xrd
glover_phd_2020,2020.0,CSM_Glover_PhD_2020,https://wpfiles.mines.edu/wp-content/uploads/aspprc/ResearchMaterials/Theses/Glover%2C%20Alexandra%20%28PhD-2020%29.pdf,phd_thesis_pdf,thesis_pdf_mined_real_ra.csv,thesis_core_exact,experimental_core_exact,7.17,0.139,0.046,0.21,,0.026,0.083,0.018,0.01,0.004,800.0,30.0,0.34,34.0,XRD,table_pdf_mined,BA-AR plus secondary soaking DS,Table B.1,DS 800C 30s.,True,glover_phd_2020|7.17|0.139|0.046|0.21|800.0|30.0|0.34|xrd
glover_phd_2020,2020.0,CSM_Glover_PhD_2020,https://wpfiles.mines.edu/wp-content/uploads/aspprc/ResearchMaterials/Theses/Glover%2C%20Alexandra%20%28PhD-2020%29.pdf,phd_thesis_pdf,thesis_pdf_mined_real_ra.csv,thesis_core_exact,experimental_core_exact,7.17,0.139,0.046,0.21,,0.026,0.083,0.018,0.01,0.004,800.0,60.0,0.259,25.9,XRD,table_pdf_mined,BA-AR plus secondary soaking DS,Table B.1,DS 800C 60s.,True,glover_phd_2020|7.17|0.139|0.046|0.21|800.0|60.0|0.259|xrd
glover_phd_2020,2020.0,CSM_Glover_PhD_2020,https://wpfiles.mines.edu/wp-content/uploads/aspprc/ResearchMaterials/Theses/Glover%2C%20Alexandra%20%28PhD-2020%29.pdf,phd_thesis_pdf,thesis_pdf_mined_real_ra.csv,thesis_core_exact,experimental_core_exact,7.17,0.139,0.046,0.21,,0.026,0.083,0.018,0.01,0.004,800.0,120.0,0.192,19.2,XRD,table_pdf_mined,BA-AR plus secondary soaking DS,Table B.1,DS 800C 120s.,True,glover_phd_2020|7.17|0.139|0.046|0.21|800.0|120.0|0.192|xrd
glover_phd_2020,2020.0,CSM_Glover_PhD_2020,https://wpfiles.mines.edu/wp-content/uploads/aspprc/ResearchMaterials/Theses/Glover%2C%20Alexandra%20%28PhD-2020%29.pdf,phd_thesis_pdf,thesis_pdf_mined_real_ra.csv,thesis_post_treatment_exact,experimental_core_exact,7.17,0.139,0.046,0.21,,0.026,0.083,0.018,0.01,0.004,800.0,120.0,0.332,33.2,XRD,table_pdf_mined,DS 800C 120s plus austempering DS-A,Table B.3,DS-A 450C 10s after DS condition.,True,glover_phd_2020|7.17|0.139|0.046|0.21|800.0|120.0|0.332|xrd
glover_phd_2020,2020.0,CSM_Glover_PhD_2020,https://wpfiles.mines.edu/wp-content/uploads/aspprc/ResearchMaterials/Theses/Glover%2C%20Alexandra%20%28PhD-2020%29.pdf,phd_thesis_pdf,thesis_pdf_mined_real_ra.csv,thesis_post_treatment_exact,experimental_core_exact,7.17,0.139,0.046,0.21,,0.026,0.083,0.018,0.01,0.004,800.0,120.0,0.353,35.3,XRD,table_pdf_mined,DS 800C 120s plus austempering DS-A,Table B.3,DS-A 450C 30s after DS condition.,True,glover_phd_2020|7.17|0.139|0.046|0.21|800.0|120.0|0.353|xrd
glover_phd_2020,2020.0,CSM_Glover_PhD_2020,https://wpfiles.mines.edu/wp-content/uploads/aspprc/ResearchMaterials/Theses/Glover%2C%20Alexandra%20%28PhD-2020%29.pdf,phd_thesis_pdf,thesis_pdf_mined_real_ra.csv,thesis_post_treatment_exact,experimental_core_exact,7.17,0.139,0.046,0.21,,0.026,0.083,0.018,0.01,0.004,800.0,120.0,0.355,35.5,XRD,table_pdf_mined,DS 800C 120s plus austempering DS-A,Table B.3,DS-A 450C 60s after DS condition.,True,glover_phd_2020|7.17|0.139|0.046|0.21|800.0|120.0|0.355|xrd
glover_phd_2020,2020.0,CSM_Glover_PhD_2020,https://wpfiles.mines.edu/wp-content/uploads/aspprc/ResearchMaterials/Theses/Glover%2C%20Alexandra%20%28PhD-2020%29.pdf,phd_thesis_pdf,thesis_pdf_mined_real_ra.csv,thesis_post_treatment_exact,experimental_core_exact,7.17,0.139,0.046,0.21,,0.026,0.083,0.018,0.01,0.004,800.0,120.0,0.349,34.9,XRD,table_pdf_mined,DS 800C 120s plus tempering DS-T,Table B.3,DS-T 450C 30s after DS condition.,True,glover_phd_2020|7.17|0.139|0.046|0.21|800.0|120.0|0.349|xrd
glover_phd_2020,2020.0,CSM_Glover_PhD_2020,https://wpfiles.mines.edu/wp-content/uploads/aspprc/ResearchMaterials/Theses/Glover%2C%20Alexandra%20%28PhD-2020%29.pdf,phd_thesis_pdf,thesis_pdf_mined_real_ra.csv,thesis_post_treatment_exact,experimental_core_exact,7.17,0.139,0.046,0.21,,0.026,0.083,0.018,0.01,0.004,800.0,120.0,0.345,34.5,XRD,table_pdf_mined,DS 800C 120s plus tempering DS-T,Table B.3,DS-T 450C 60s after DS condition.,True,glover_phd_2020|7.17|0.139|0.046|0.21|800.0|120.0|0.345|xrd
glover_phd_2020,2020.0,CSM_Glover_PhD_2020,https://wpfiles.mines.edu/wp-content/uploads/aspprc/ResearchMaterials/Theses/Glover%2C%20Alexandra%20%28PhD-2020%29.pdf,phd_thesis_pdf,thesis_pdf_mined_real_ra.csv,thesis_post_treatment_exact,experimental_core_exact,7.17,0.139,0.046,0.21,,0.026,0.083,0.018,0.01,0.004,800.0,120.0,0.297,29.7,XRD,table_pdf_mined,DS 800C 120s plus tempering DS-T,Table B.3,DS-T 450C 300s after DS condition.,True,glover_phd_2020|7.17|0.139|0.046|0.21|800.0|120.0|0.297|xrd
glover_phd_2020,2020.0,CSM_Glover_PhD_2020,https://wpfiles.mines.edu/wp-content/uploads/aspprc/ResearchMaterials/Theses/Glover%2C%20Alexandra%20%28PhD-2020%29.pdf,phd_thesis_pdf,thesis_pdf_mined_real_ra.csv,thesis_appendix_d_exact,experimental_core_exact,4.89,0.14,0.0,0.17,,,,,,,600.0,86400.0,0.05,5.0,XRD,table_pdf_mined,primary soak at 600C for 24h gas quench; low Mn alloy,Table D.3,Low Mn BA row; ferrite inferred from table total.,True,glover_phd_2020|4.89|0.14|0.0|0.17|600.0|86400.0|0.05|xrd
glover_phd_2020,2020.0,CSM_Glover_PhD_2020,https://wpfiles.mines.edu/wp-content/uploads/aspprc/ResearchMaterials/Theses/Glover%2C%20Alexandra%20%28PhD-2020%29.pdf,phd_thesis_pdf,thesis_pdf_mined_real_ra.csv,thesis_appendix_d_exact,experimental_core_exact,4.89,0.14,0.0,0.17,,,,,,,700.0,30.0,0.08,8.0,XRD,table_pdf_mined,primary soak 600C 24h then DS; low Mn alloy,Table D.3,Low Mn DS 700C 30s total retained austenite.,True,glover_phd_2020|4.89|0.14|0.0|0.17|700.0|30.0|0.08|xrd
glover_phd_2020,2020.0,CSM_Glover_PhD_2020,https://wpfiles.mines.edu/wp-content/uploads/aspprc/ResearchMaterials/Theses/Glover%2C%20Alexandra%20%28PhD-2020%29.pdf,phd_thesis_pdf,thesis_pdf_mined_real_ra.csv,thesis_appendix_d_exact,experimental_core_exact,4.89,0.14,0.0,0.17,,,,,,,725.0,30.0,0.09,9.0,XRD,table_pdf_mined,primary soak 600C 24h then DS; low Mn alloy,Table D.3,Low Mn DS 725C 30s.,True,glover_phd_2020|4.89|0.14|0.0|0.17|725.0|30.0|0.09|xrd
glover_phd_2020,2020.0,CSM_Glover_PhD_2020,https://wpfiles.mines.edu/wp-content/uploads/aspprc/ResearchMaterials/Theses/Glover%2C%20Alexandra%20%28PhD-2020%29.pdf,phd_thesis_pdf,thesis_pdf_mined_real_ra.csv,thesis_appendix_d_exact,experimental_core_exact,4.89,0.14,0.0,0.17,,,,,,,750.0,30.0,0.11,11.0,XRD,table_pdf_mined,primary soak 600C 24h then DS; low Mn alloy,Table D.3,Low Mn DS 750C 30s.,True,glover_phd_2020|4.89|0.14|0.0|0.17|750.0|30.0|0.11|xrd
glover_phd_2020,2020.0,CSM_Glover_PhD_2020,https://wpfiles.mines.edu/wp-content/uploads/aspprc/ResearchMaterials/Theses/Glover%2C%20Alexandra%20%28PhD-2020%29.pdf,phd_thesis_pdf,thesis_pdf_mined_real_ra.csv,thesis_appendix_d_exact,experimental_core_exact,4.89,0.14,0.0,0.17,,,,,,,775.0,30.0,0.12,12.0,XRD,table_pdf_mined,primary soak 600C 24h then DS; low Mn alloy,Table D.3,Low Mn DS 775C 30s.,True,glover_phd_2020|4.89|0.14|0.0|0.17|775.0|30.0|0.12|xrd
glover_phd_2020,2020.0,CSM_Glover_PhD_2020,https://wpfiles.mines.edu/wp-content/uploads/aspprc/ResearchMaterials/Theses/Glover%2C%20Alexandra%20%28PhD-2020%29.pdf,phd_thesis_pdf,thesis_pdf_mined_real_ra.csv,thesis_appendix_d_exact,experimental_core_exact,4.89,0.14,0.0,0.17,,,,,,,800.0,30.0,0.08,8.0,XRD,table_pdf_mined,primary soak 600C 24h then DS; low Mn alloy,Table D.3,Low Mn DS 800C 30s.,True,glover_phd_2020|4.89|0.14|0.0|0.17|800.0|30.0|0.08|xrd
glover_phd_2020,2020.0,CSM_Glover_PhD_2020,https://wpfiles.mines.edu/wp-content/uploads/aspprc/ResearchMaterials/Theses/Glover%2C%20Alexandra%20%28PhD-2020%29.pdf,phd_thesis_pdf,thesis_pdf_mined_real_ra.csv,thesis_appendix_d_exact,experimental_core_exact,7.33,0.14,0.0,0.24,,,,,,,600.0,86400.0,0.3,30.0,XRD,table_pdf_mined,primary soak at 600C for 24h gas quench; base alloy,Table D.3,Base BA row.,True,glover_phd_2020|7.33|0.14|0.0|0.24|600.0|86400.0|0.3|xrd
glover_phd_2020,2020.0,CSM_Glover_PhD_2020,https://wpfiles.mines.edu/wp-content/uploads/aspprc/ResearchMaterials/Theses/Glover%2C%20Alexandra%20%28PhD-2020%29.pdf,phd_thesis_pdf,thesis_pdf_mined_real_ra.csv,thesis_appendix_d_exact,experimental_core_exact,7.33,0.14,0.0,0.24,,,,,,,700.0,30.0,0.28,28.0,XRD,table_pdf_mined,primary soak 600C 24h then DS; base alloy,Table D.3,Base DS 700C 30s.,True,glover_phd_2020|7.33|0.14|0.0|0.24|700.0|30.0|0.28|xrd
glover_phd_2020,2020.0,CSM_Glover_PhD_2020,https://wpfiles.mines.edu/wp-content/uploads/aspprc/ResearchMaterials/Theses/Glover%2C%20Alexandra%20%28PhD-2020%29.pdf,phd_thesis_pdf,thesis_pdf_mined_real_ra.csv,thesis_appendix_d_exact,experimental_core_exact,7.33,0.14,0.0,0.24,,,,,,,725.0,30.0,0.32,32.0,XRD,table_pdf_mined,primary soak 600C 24h then DS; base alloy,Table D.3,Base DS 725C 30s.,True,glover_phd_2020|7.33|0.14|0.0|0.24|725.0|30.0|0.32|xrd
glover_phd_2020,2020.0,CSM_Glover_PhD_2020,https://wpfiles.mines.edu/wp-content/uploads/aspprc/ResearchMaterials/Theses/Glover%2C%20Alexandra%20%28PhD-2020%29.pdf,phd_thesis_pdf,thesis_pdf_mined_real_ra.csv,thesis_appendix_d_exact,experimental_core_exact,7.33,0.14,0.0,0.24,,,,,,,750.0,30.0,0.28,28.0,XRD,table_pdf_mined,primary soak 600C 24h then DS; base alloy,Table D.3,Base DS 750C 30s.,True,glover_phd_2020|7.33|0.14|0.0|0.24|750.0|30.0|0.28|xrd
glover_phd_2020,2020.0,CSM_Glover_PhD_2020,https://wpfiles.mines.edu/wp-content/uploads/aspprc/ResearchMaterials/Theses/Glover%2C%20Alexandra%20%28PhD-2020%29.pdf,phd_thesis_pdf,thesis_pdf_mined_real_ra.csv,thesis_appendix_d_exact,experimental_core_exact,7.33,0.14,0.0,0.24,,,,,,,775.0,30.0,0.28,28.0,XRD,table_pdf_mined,primary soak 600C 24h then DS; base alloy,Table D.3,Base DS 775C 30s.,True,glover_phd_2020|7.33|0.14|0.0|0.24|775.0|30.0|0.28|xrd
glover_phd_2020,2020.0,CSM_Glover_PhD_2020,https://wpfiles.mines.edu/wp-content/uploads/aspprc/ResearchMaterials/Theses/Glover%2C%20Alexandra%20%28PhD-2020%29.pdf,phd_thesis_pdf,thesis_pdf_mined_real_ra.csv,thesis_appendix_d_exact,experimental_core_exact,7.33,0.14,0.0,0.24,,,,,,,800.0,30.0,0.2,20.0,XRD,table_pdf_mined,primary soak 600C 24h then DS; base alloy,Table D.3,Base DS 800C 30s.,True,glover_phd_2020|7.33|0.14|0.0|0.24|800.0|30.0|0.2|xrd
glover_phd_2020,2020.0,CSM_Glover_PhD_2020,https://wpfiles.mines.edu/wp-content/uploads/aspprc/ResearchMaterials/Theses/Glover%2C%20Alexandra%20%28PhD-2020%29.pdf,phd_thesis_pdf,thesis_pdf_mined_real_ra.csv,thesis_appendix_d_exact,experimental_core_exact,7.11,0.3,0.0,0.24,,,,,,,600.0,86400.0,0.19,19.0,XRD,table_pdf_mined,primary soak at 600C for 24h gas quench; high C alloy,Table D.3,High C BA row.,True,glover_phd_2020|7.11|0.3|0.0|0.24|600.0|86400.0|0.19|xrd
glover_phd_2020,2020.0,CSM_Glover_PhD_2020,https://wpfiles.mines.edu/wp-content/uploads/aspprc/ResearchMaterials/Theses/Glover%2C%20Alexandra%20%28PhD-2020%29.pdf,phd_thesis_pdf,thesis_pdf_mined_real_ra.csv,thesis_appendix_d_exact,experimental_core_exact,7.11,0.3,0.0,0.24,,,,,,,700.0,30.0,0.19,19.0,XRD,table_pdf_mined,primary soak 600C 24h then DS; high C alloy,Table D.3,High C DS 700C 30s.,True,glover_phd_2020|7.11|0.3|0.0|0.24|700.0|30.0|0.19|xrd
glover_phd_2020,2020.0,CSM_Glover_PhD_2020,https://wpfiles.mines.edu/wp-content/uploads/aspprc/ResearchMaterials/Theses/Glover%2C%20Alexandra%20%28PhD-2020%29.pdf,phd_thesis_pdf,thesis_pdf_mined_real_ra.csv,thesis_appendix_d_exact,experimental_core_exact,7.11,0.3,0.0,0.24,,,,,,,725.0,30.0,0.26,26.0,XRD,table_pdf_mined,primary soak 600C 24h then DS; high C alloy,Table D.3,High C DS 725C 30s.,True,glover_phd_2020|7.11|0.3|0.0|0.24|725.0|30.0|0.26|xrd
glover_phd_2020,2020.0,CSM_Glover_PhD_2020,https://wpfiles.mines.edu/wp-content/uploads/aspprc/ResearchMaterials/Theses/Glover%2C%20Alexandra%20%28PhD-2020%29.pdf,phd_thesis_pdf,thesis_pdf_mined_real_ra.csv,thesis_appendix_d_exact,experimental_core_exact,7.11,0.3,0.0,0.24,,,,,,,750.0,30.0,0.27,27.0,XRD,table_pdf_mined,primary soak 600C 24h then DS; high C alloy,Table D.3,High C DS 750C 30s.,True,glover_phd_2020|7.11|0.3|0.0|0.24|750.0|30.0|0.27|xrd
glover_phd_2020,2020.0,CSM_Glover_PhD_2020,https://wpfiles.mines.edu/wp-content/uploads/aspprc/ResearchMaterials/Theses/Glover%2C%20Alexandra%20%28PhD-2020%29.pdf,phd_thesis_pdf,thesis_pdf_mined_real_ra.csv,thesis_appendix_d_exact,experimental_core_exact,7.11,0.3,0.0,0.24,,,,,,,775.0,30.0,0.28,28.0,XRD,table_pdf_mined,primary soak 600C 24h then DS; high C alloy,Table D.3,High C DS 775C 30s.,True,glover_phd_2020|7.11|0.3|0.0|0.24|775.0|30.0|0.28|xrd
glover_phd_2020,2020.0,CSM_Glover_PhD_2020,https://wpfiles.mines.edu/wp-content/uploads/aspprc/ResearchMaterials/Theses/Glover%2C%20Alexandra%20%28PhD-2020%29.pdf,phd_thesis_pdf,thesis_pdf_mined_real_ra.csv,thesis_appendix_d_exact,experimental_core_exact,7.11,0.3,0.0,0.24,,,,,,,800.0,30.0,0.31,31.0,XRD,table_pdf_mined,primary soak 600C 24h then DS; high C alloy,Table D.3,High C DS 800C 30s.,True,glover_phd_2020|7.11|0.3|0.0|0.24|800.0|30.0|0.31|xrd
gibbs_2011,,10.1007/s11661-011-0736-2,,experimental,project4_literature_validation.csv,legacy_project4,legacy_core_exact,7.1,0.1,0.0,0.0,,,,0.0,0.0,,575.0,604800.0,0.23,23.0,neutron_diffraction,table,"cold-rolled, 50% reduction",Table III,Metallurgical and Materials Transactions A,True,gibbs_2011|7.1|0.1|0.0|0.0|575.0|604800.0|0.23|neutron_diffraction
gibbs_2011,,10.1007/s11661-011-0736-2,,experimental,project4_literature_validation.csv,legacy_project4,legacy_core_exact,7.1,0.1,0.0,0.0,,,,0.0,0.0,,600.0,604800.0,0.3429999999999999,34.3,neutron_diffraction,table,"cold-rolled, 50% reduction",Table III,Metallurgical and Materials Transactions A,True,gibbs_2011|7.1|0.1|0.0|0.0|600.0|604800.0|0.343|neutron_diffraction
gibbs_2011,,10.1007/s11661-011-0736-2,,experimental,project4_literature_validation.csv,legacy_project4,legacy_core_exact,7.1,0.1,0.0,0.0,,,,0.0,0.0,,625.0,604800.0,0.428,42.8,neutron_diffraction,table,"cold-rolled, 50% reduction",Table III,Metallurgical and Materials Transactions A,True,gibbs_2011|7.1|0.1|0.0|0.0|625.0|604800.0|0.428|neutron_diffraction
gibbs_2011,,10.1007/s11661-011-0736-2,,experimental,project4_literature_validation.csv,legacy_project4,legacy_core_exact,7.1,0.1,0.0,0.0,,,,0.0,0.0,,650.0,604800.0,0.435,43.5,neutron_diffraction,table,"cold-rolled, 50% reduction",Table III,Metallurgical and Materials Transactions A,True,gibbs_2011|7.1|0.1|0.0|0.0|650.0|604800.0|0.435|neutron_diffraction
gibbs_2011,,10.1007/s11661-011-0736-2,,experimental,project4_literature_validation.csv,legacy_project4,legacy_core_exact,7.1,0.1,0.0,0.0,,,,0.0,0.0,,675.0,604800.0,0.0139999999999999,1.4,XRD,table,"cold-rolled, 50% reduction",Table III,Metallurgical and Materials Transactions A,True,gibbs_2011|7.1|0.1|0.0|0.0|675.0|604800.0|0.014|xrd
luo_2011,,10.1016/j.actamat.2011.03.025,,experimental,project4_literature_validation.csv,legacy_project4,legacy_core_exact,5.0,0.2,0.0,0.0,,,,0.0,0.0,,650.0,1800.0,0.03,3.0,XRD,text_reported,cold-rolled martensitic,"Results section, text",Acta Materialia,True,luo_2011|5.0|0.2|0.0|0.0|650.0|1800.0|0.03|xrd
luo_2011,,10.1016/j.actamat.2011.03.025,,experimental,project4_literature_validation.csv,legacy_project4,legacy_core_exact,5.0,0.2,0.0,0.0,,,,0.0,0.0,,650.0,3600.0,0.1,10.0,XRD,text_reported,cold-rolled martensitic,"Figure 2, approximate",Acta Materialia,True,luo_2011|5.0|0.2|0.0|0.0|650.0|3600.0|0.1|xrd
luo_2011,,10.1016/j.actamat.2011.03.025,,experimental,project4_literature_validation.csv,legacy_project4,experimental_digitized,5.0,0.2,0.0,0.0,,,,0.0,0.0,,650.0,14400.0,0.22,22.0,XRD,digitized_figure,cold-rolled martensitic,"Figure 2, approximate",Acta Materialia,True,luo_2011|5.0|0.2|0.0|0.0|650.0|14400.0|0.22|xrd
luo_2011,,10.1016/j.actamat.2011.03.025,,experimental,project4_literature_validation.csv,legacy_project4,experimental_digitized,5.0,0.2,0.0,0.0,,,,0.0,0.0,,650.0,43200.0,0.3,30.0,XRD,digitized_figure,cold-rolled martensitic,"Figure 2, approximate",Acta Materialia,True,luo_2011|5.0|0.2|0.0|0.0|650.0|43200.0|0.3|xrd
luo_2011,,10.1016/j.actamat.2011.03.025,,experimental,project4_literature_validation.csv,legacy_project4,legacy_core_exact,5.0,0.2,0.0,0.0,,,,0.0,0.0,,650.0,86400.0,0.35,35.0,XRD,text_reported,cold-rolled martensitic,"Results section, text",Acta Materialia,True,luo_2011|5.0|0.2|0.0|0.0|650.0|86400.0|0.35|xrd
luo_2011,,10.1016/j.actamat.2011.03.025,,experimental,project4_literature_validation.csv,legacy_project4,legacy_core_exact,5.0,0.2,0.0,0.0,,,,0.0,0.0,,650.0,172800.0,0.38,38.0,XRD,text_reported,cold-rolled martensitic,"Results section, text",Acta Materialia,True,luo_2011|5.0|0.2|0.0|0.0|650.0|172800.0|0.38|xrd
luo_2011,,10.1016/j.actamat.2011.03.025,,experimental,project4_literature_validation.csv,legacy_project4,legacy_core_exact,5.0,0.2,0.0,0.0,,,,0.0,0.0,,650.0,518400.0,0.4,40.0,XRD,text_reported,cold-rolled martensitic,"Results section, near saturation",Acta Materialia,True,luo_2011|5.0|0.2|0.0|0.0|650.0|518400.0|0.4|xrd
pmc11053108_2024,,PMC11053108,,experimental,project4_literature_validation.csv,legacy_project4,legacy_core_exact,4.7,0.16,1.6,0.2,,,,0.2,0.0,,640.0,3600.0,0.0,0.0,XRD,text_reported,cold-rolled,Results: below Ac1,Open Access (PMC),True,pmc11053108_2024|4.7|0.16|1.6|0.2|640.0|3600.0|0.0|xrd
pmc11053108_2024,,PMC11053108,,experimental,project4_literature_validation.csv,legacy_project4,legacy_core_exact,4.7,0.16,1.6,0.2,,,,0.2,0.0,,660.0,3600.0,0.05,5.0,XRD,text_reported,cold-rolled,"Results: just above Ac1, small amount",Open Access (PMC),True,pmc11053108_2024|4.7|0.16|1.6|0.2|660.0|3600.0|0.05|xrd
pmc11053108_2024,,PMC11053108,,experimental,project4_literature_validation.csv,legacy_project4,legacy_core_exact,4.7,0.16,1.6,0.2,,,,0.2,0.0,,680.0,3600.0,0.3,30.0,XRD,text_reported,cold-rolled,Results: >30%,Open Access (PMC),True,pmc11053108_2024|4.7|0.16|1.6|0.2|680.0|3600.0|0.3|xrd
pmc11053108_2024,,PMC11053108,,experimental,project4_literature_validation.csv,legacy_project4,legacy_core_exact,4.7,0.16,1.6,0.2,,,,0.2,0.0,,700.0,3600.0,0.4,40.0,XRD,text_reported,cold-rolled,Results: peak ~40%,Open Access (PMC),True,pmc11053108_2024|4.7|0.16|1.6|0.2|700.0|3600.0|0.4|xrd
pmc11053108_2024,,PMC11053108,,experimental,project4_literature_validation.csv,legacy_project4,legacy_core_exact,4.7,0.16,1.6,0.2,,,,0.2,0.0,,720.0,3600.0,0.35,35.0,XRD,text_reported,cold-rolled,Results: fresh martensite forming,Open Access (PMC),True,pmc11053108_2024|4.7|0.16|1.6|0.2|720.0|3600.0|0.35|xrd
pmc11053108_2024,,PMC11053108,,experimental,project4_literature_validation.csv,legacy_project4,legacy_core_exact,4.7,0.16,1.6,0.2,,,,0.2,0.0,,800.0,3600.0,0.0,0.0,XRD,text_reported,cold-rolled,Results: 83% fresh martensite,Open Access (PMC),True,pmc11053108_2024|4.7|0.16|1.6|0.2|800.0|3600.0|0.0|xrd
pmc11053108_2024,,PMC11053108,,experimental,project4_literature_validation.csv,legacy_project4,legacy_core_exact,4.7,0.16,1.6,0.2,,,,0.2,0.0,,1000.0,3600.0,0.0,0.0,XRD,text_reported,cold-rolled,Results: 100% martensite,Open Access (PMC),True,pmc11053108_2024|4.7|0.16|1.6|0.2|1000.0|3600.0|0.0|xrd
pmc11173901_2024,,PMC11173901,,experimental,project4_literature_validation.csv,legacy_project4,experimental_digitized,9.4,0.2,4.3,0.0,,,,0.0,0.0,,750.0,3600.0,0.478,47.8,XRD,digitized_figure,not specified,Figure 3,Open Access (PMC),True,pmc11173901_2024|9.4|0.2|4.3|0.0|750.0|3600.0|0.478|xrd
pmc11173901_2024,,PMC11173901,,experimental,project4_literature_validation.csv,legacy_project4,experimental_digitized,9.4,0.2,4.3,0.0,,,,0.0,0.0,,800.0,3600.0,0.599,59.9,XRD,digitized_figure,not specified,"Figure 3, peak",Open Access (PMC),True,pmc11173901_2024|9.4|0.2|4.3|0.0|800.0|3600.0|0.599|xrd
pmc11173901_2024,,PMC11173901,,experimental,project4_literature_validation.csv,legacy_project4,experimental_digitized,9.4,0.2,4.3,0.0,,,,0.0,0.0,,850.0,3600.0,0.536,53.6,XRD,digitized_figure,not specified,Figure 3,Open Access (PMC),True,pmc11173901_2024|9.4|0.2|4.3|0.0|850.0|3600.0|0.536|xrd
pmc6266817_2018,,PMC6266817,,experimental,project4_literature_validation.csv,legacy_project4,experimental_digitized,5.0,0.12,1.0,0.0,,,,0.2,0.05,,600.0,1800.0,0.26,26.0,XRD,digitized_figure,cold-rolled (CR),Figure 4b (CR),Open Access (PMC),True,pmc6266817_2018|5.0|0.12|1.0|0.0|600.0|1800.0|0.26|xrd
pmc6266817_2018,,PMC6266817,,experimental,project4_literature_validation.csv,legacy_project4,experimental_digitized,5.0,0.12,1.0,0.0,,,,0.2,0.05,,625.0,1800.0,0.33,33.0,XRD,digitized_figure,cold-rolled (CR),Figure 4b (CR),Open Access (PMC),True,pmc6266817_2018|5.0|0.12|1.0|0.0|625.0|1800.0|0.33|xrd
pmc6266817_2018,,PMC6266817,,experimental,project4_literature_validation.csv,legacy_project4,legacy_core_exact,5.0,0.12,1.0,0.0,,,,0.2,0.05,,650.0,1800.0,0.39,39.0,XRD,text_reported,cold-rolled (CR),"Text + Figure 4b (CR), peak",Open Access (PMC),True,pmc6266817_2018|5.0|0.12|1.0|0.0|650.0|1800.0|0.39|xrd
pmc6266817_2018,,PMC6266817,,experimental,project4_literature_validation.csv,legacy_project4,experimental_digitized,5.0,0.12,1.0,0.0,,,,0.2,0.05,,675.0,1800.0,0.29,29.0,XRD,digitized_figure,cold-rolled (CR),Figure 4b (CR),Open Access (PMC),True,pmc6266817_2018|5.0|0.12|1.0|0.0|675.0|1800.0|0.29|xrd
pmc6266817_2018,,PMC6266817,,experimental,project4_literature_validation.csv,legacy_project4,experimental_digitized,5.0,0.12,1.0,0.0,,,,0.2,0.05,,700.0,1800.0,0.21,21.0,XRD,digitized_figure,cold-rolled (CR),Figure 4b (CR),Open Access (PMC),True,pmc6266817_2018|5.0|0.12|1.0|0.0|700.0|1800.0|0.21|xrd
pmc6266817_2018,,PMC6266817,,experimental,project4_literature_validation.csv,legacy_project4,experimental_digitized,5.0,0.12,1.0,0.0,,,,0.2,0.05,,750.0,1800.0,0.2,20.0,XRD,digitized_figure,cold-rolled (CR),Figure 4b (CR),Open Access (PMC),True,pmc6266817_2018|5.0|0.12|1.0|0.0|750.0|1800.0|0.2|xrd
pmc6266817_2018_HR,,PMC6266817,,experimental,project4_literature_validation.csv,legacy_project4,experimental_digitized,5.0,0.12,1.0,0.0,,,,0.2,0.05,,600.0,1800.0,0.16,16.0,XRD,digitized_figure,hot-rolled (HR),Figure 4b (HR),Open Access (PMC),True,pmc6266817_2018_hr|5.0|0.12|1.0|0.0|600.0|1800.0|0.16|xrd
pmc6266817_2018_HR,,PMC6266817,,experimental,project4_literature_validation.csv,legacy_project4,experimental_digitized,5.0,0.12,1.0,0.0,,,,0.2,0.05,,625.0,1800.0,0.19,19.0,XRD,digitized_figure,hot-rolled (HR),Figure 4b (HR),Open Access (PMC),True,pmc6266817_2018_hr|5.0|0.12|1.0|0.0|625.0|1800.0|0.19|xrd
pmc6266817_2018_HR,,PMC6266817,,experimental,project4_literature_validation.csv,legacy_project4,legacy_core_exact,5.0,0.12,1.0,0.0,,,,0.2,0.05,,650.0,1800.0,0.29,29.0,XRD,text_reported,hot-rolled (HR),"Text + Figure 4b (HR), peak",Open Access (PMC),True,pmc6266817_2018_hr|5.0|0.12|1.0|0.0|650.0|1800.0|0.29|xrd
pmc6266817_2018_HR,,PMC6266817,,experimental,project4_literature_validation.csv,legacy_project4,experimental_digitized,5.0,0.12,1.0,0.0,,,,0.2,0.05,,690.0,1800.0,0.21,21.0,XRD,digitized_figure,hot-rolled (HR),Figure 4b (HR),Open Access (PMC),True,pmc6266817_2018_hr|5.0|0.12|1.0|0.0|690.0|1800.0|0.21|xrd
yan_2022,,yan_2022_EBSD,,experimental,project4_literature_validation.csv,legacy_project4,legacy_unverified,6.0,0.15,1.5,0.3,,,,0.0,0.0,,650.0,3600.0,0.105,10.5,EBSD,text_reported,cold-rolled,Search summary: low T,MDPI Metals / EBSD study,True,yan_2022|6.0|0.15|1.5|0.3|650.0|3600.0|0.105|ebsd
yan_2022,,yan_2022_EBSD,,experimental,project4_literature_validation.csv,legacy_project4,legacy_unverified,6.0,0.15,1.5,0.3,,,,0.0,0.0,,680.0,3600.0,0.34,34.0,EBSD,text_reported,cold-rolled,Search summary: near optimum,MDPI Metals / EBSD study,True,yan_2022|6.0|0.15|1.5|0.3|680.0|3600.0|0.34|ebsd
yan_2022,,yan_2022_EBSD,,experimental,project4_literature_validation.csv,legacy_project4,legacy_unverified,6.0,0.15,1.5,0.3,,,,0.0,0.0,,710.0,3600.0,0.578,57.8,EBSD,text_reported,cold-rolled,Search summary: peak,MDPI Metals / EBSD study,True,yan_2022|6.0|0.15|1.5|0.3|710.0|3600.0|0.578|ebsd
aliabad_2026,,aliabad_2026,,experimental,project4_literature_validation.csv,legacy_project4,legacy_unverified,6.0,0.4,2.0,1.0,,,,0.0,0.0,,680.0,3600.0,0.34,34.0,XRD,text_reported,not specified,Search summary: XRD measurement,Open Access,True,aliabad_2026|6.0|0.4|2.0|1.0|680.0|3600.0|0.34|xrd
aliabad_2026,,aliabad_2026,,experimental,project4_literature_validation.csv,legacy_project4,legacy_unverified,6.0,0.4,2.0,1.0,,,,0.0,0.0,,680.0,3600.0,0.38,38.0,EBSD,text_reported,not specified,Search summary: EBSD measurement,Open Access,True,aliabad_2026|6.0|0.4|2.0|1.0|680.0|3600.0|0.38|ebsd
frontiers_2020,,frontiers_2020,,experimental,project4_literature_validation.csv,legacy_project4,legacy_unverified,8.0,0.2,3.0,0.0,,,,0.0,0.0,,680.0,3600.0,0.647,64.7,XRD,text_reported,not specified,Search summary: XRD,Frontiers in Materials,True,frontiers_2020|8.0|0.2|3.0|0.0|680.0|3600.0|0.647|xrd
frontiers_2020,,frontiers_2020,,experimental,project4_literature_validation.csv,legacy_project4,legacy_unverified,8.0,0.2,3.0,0.0,,,,0.0,0.0,,680.0,3600.0,0.472,47.2,EBSD,text_reported,not specified,Search summary: EBSD,Frontiers in Materials,True,frontiers_2020|8.0|0.2|3.0|0.0|680.0|3600.0|0.472|ebsd
lpbf_2021,,MDPI_Materials_14_3081,,experimental,project4_literature_validation.csv,legacy_project4,legacy_core_exact,3.93,0.23,2.01,0.51,,,,0.0,0.0,,25.0,0.0,0.14,14.0,XRD,text_reported,LPBF as-built,Page 8: as-built condition,Materials (MDPI),True,lpbf_2021|3.93|0.23|2.01|0.51|25.0|0.0|0.14|xrd
lpbf_2021,,MDPI_Materials_14_3081,,experimental,project4_literature_validation.csv,legacy_project4,legacy_core_exact,3.93,0.23,2.01,0.51,,,,0.0,0.0,,690.0,600.0,0.3,30.0,XRD,text_reported,LPBF as-built,Page 8: optimum 690C/10min,Materials (MDPI),True,lpbf_2021|3.93|0.23|2.01|0.51|690.0|600.0|0.3|xrd
lpbf_2021,,MDPI_Materials_14_3081,,experimental,project4_literature_validation.csv,legacy_project4,legacy_core_exact,3.93,0.23,2.01,0.51,,,,0.0,0.0,,750.0,600.0,0.17,17.0,XRD,text_reported,LPBF as-built,Page 8: over-annealed 750C/10min,Materials (MDPI),True,lpbf_2021|3.93|0.23|2.01|0.51|750.0|600.0|0.17|xrd
demoor_2011,,10.1016/j.scriptamat.2010.09.040,,experimental,project4_literature_validation.csv,legacy_project4,experimental_digitized,7.1,0.11,0.0,0.0,,,,0.0,0.0,,600.0,60.0,0.02,2.0,XRD,digitized_figure,cold-rolled martensitic,"Figure 2, early kinetics",Scripta Materialia,True,demoor_2011|7.1|0.11|0.0|0.0|600.0|60.0|0.02|xrd
demoor_2011,,10.1016/j.scriptamat.2010.09.040,,experimental,project4_literature_validation.csv,legacy_project4,experimental_digitized,7.1,0.11,0.0,0.0,,,,0.0,0.0,,600.0,600.0,0.08,8.0,XRD,digitized_figure,cold-rolled martensitic,Figure 2,Scripta Materialia,True,demoor_2011|7.1|0.11|0.0|0.0|600.0|600.0|0.08|xrd
demoor_2011,,10.1016/j.scriptamat.2010.09.040,,experimental,project4_literature_validation.csv,legacy_project4,experimental_digitized,7.1,0.11,0.0,0.0,,,,0.0,0.0,,600.0,3600.0,0.15,15.0,XRD,digitized_figure,cold-rolled martensitic,Figure 2,Scripta Materialia,True,demoor_2011|7.1|0.11|0.0|0.0|600.0|3600.0|0.15|xrd
demoor_2011,,10.1016/j.scriptamat.2010.09.040,,experimental,project4_literature_validation.csv,legacy_project4,experimental_digitized,7.1,0.11,0.0,0.0,,,,0.0,0.0,,600.0,36000.0,0.28,28.0,XRD,digitized_figure,cold-rolled martensitic,Figure 2,Scripta Materialia,True,demoor_2011|7.1|0.11|0.0|0.0|600.0|36000.0|0.28|xrd
demoor_2011,,10.1016/j.scriptamat.2010.09.040,,experimental,project4_literature_validation.csv,legacy_project4,experimental_digitized,7.1,0.11,0.0,0.0,,,,0.0,0.0,,600.0,360000.0,0.35,35.0,XRD,digitized_figure,cold-rolled martensitic,"Figure 2, near saturation",Scripta Materialia,True,demoor_2011|7.1|0.11|0.0|0.0|600.0|360000.0|0.35|xrd
lee_decooman_2014,,10.1007/s11661-013-1860-y,,experimental,project4_literature_validation.csv,legacy_project4,experimental_digitized,5.8,0.12,2.0,0.0,,,,0.0,0.0,,625.0,180.0,0.05,5.0,XRD,digitized_figure,cold-rolled martensitic,Figure 3,Metallurgical and Materials Transactions A,True,lee_decooman_2014|5.8|0.12|2.0|0.0|625.0|180.0|0.05|xrd
lee_decooman_2014,,10.1007/s11661-013-1860-y,,experimental,project4_literature_validation.csv,legacy_project4,experimental_digitized,5.8,0.12,2.0,0.0,,,,0.0,0.0,,650.0,180.0,0.12,12.0,XRD,digitized_figure,cold-rolled martensitic,Figure 3,Metallurgical and Materials Transactions A,True,lee_decooman_2014|5.8|0.12|2.0|0.0|650.0|180.0|0.12|xrd
lee_decooman_2014,,10.1007/s11661-013-1860-y,,experimental,project4_literature_validation.csv,legacy_project4,experimental_digitized,5.8,0.12,2.0,0.0,,,,0.0,0.0,,675.0,180.0,0.18,18.0,XRD,digitized_figure,cold-rolled martensitic,Figure 3,Metallurgical and Materials Transactions A,True,lee_decooman_2014|5.8|0.12|2.0|0.0|675.0|180.0|0.18|xrd
lee_decooman_2014,,10.1007/s11661-013-1860-y,,experimental,project4_literature_validation.csv,legacy_project4,experimental_digitized,5.8,0.12,2.0,0.0,,,,0.0,0.0,,700.0,180.0,0.28,28.0,XRD,digitized_figure,cold-rolled martensitic,"Figure 3, near peak",Metallurgical and Materials Transactions A,True,lee_decooman_2014|5.8|0.12|2.0|0.0|700.0|180.0|0.28|xrd
lee_decooman_2014,,10.1007/s11661-013-1860-y,,experimental,project4_literature_validation.csv,legacy_project4,experimental_digitized,5.8,0.12,2.0,0.0,,,,0.0,0.0,,720.0,180.0,0.32,32.0,XRD,digitized_figure,cold-rolled martensitic,"Figure 3, peak",Metallurgical and Materials Transactions A,True,lee_decooman_2014|5.8|0.12|2.0|0.0|720.0|180.0|0.32|xrd
lee_decooman_2014,,10.1007/s11661-013-1860-y,,experimental,project4_literature_validation.csv,legacy_project4,experimental_digitized,5.8,0.12,2.0,0.0,,,,0.0,0.0,,750.0,180.0,0.22,22.0,XRD,digitized_figure,cold-rolled martensitic,"Figure 3, decreasing",Metallurgical and Materials Transactions A,True,lee_decooman_2014|5.8|0.12|2.0|0.0|750.0|180.0|0.22|xrd
nakada_2014,,10.1016/j.actamat.2013.10.067,,experimental,project4_literature_validation.csv,legacy_project4,experimental_digitized,6.0,0.0,0.0,0.0,,,,0.0,0.0,,500.0,86400.0,0.05,5.0,XRD,digitized_figure,quenched martensite,"Figure 4, low-T regime",Acta Materialia,True,nakada_2014|6.0|0.0|0.0|0.0|500.0|86400.0|0.05|xrd
nakada_2014,,10.1016/j.actamat.2013.10.067,,experimental,project4_literature_validation.csv,legacy_project4,experimental_digitized,6.0,0.0,0.0,0.0,,,,0.0,0.0,,550.0,86400.0,0.15,15.0,XRD,digitized_figure,quenched martensite,Figure 4,Acta Materialia,True,nakada_2014|6.0|0.0|0.0|0.0|550.0|86400.0|0.15|xrd
nakada_2014,,10.1016/j.actamat.2013.10.067,,experimental,project4_literature_validation.csv,legacy_project4,experimental_digitized,6.0,0.0,0.0,0.0,,,,0.0,0.0,,575.0,86400.0,0.25,25.0,XRD,digitized_figure,quenched martensite,Figure 4,Acta Materialia,True,nakada_2014|6.0|0.0|0.0|0.0|575.0|86400.0|0.25|xrd
nakada_2014,,10.1016/j.actamat.2013.10.067,,experimental,project4_literature_validation.csv,legacy_project4,experimental_digitized,6.0,0.0,0.0,0.0,,,,0.0,0.0,,600.0,86400.0,0.35,35.0,XRD,digitized_figure,quenched martensite,"Figure 4, near optimum",Acta Materialia,True,nakada_2014|6.0|0.0|0.0|0.0|600.0|86400.0|0.35|xrd
nakada_2014,,10.1016/j.actamat.2013.10.067,,experimental,project4_literature_validation.csv,legacy_project4,experimental_digitized,6.0,0.0,0.0,0.0,,,,0.0,0.0,,625.0,86400.0,0.42,42.0,XRD,digitized_figure,quenched martensite,"Figure 4, peak",Acta Materialia,True,nakada_2014|6.0|0.0|0.0|0.0|625.0|86400.0|0.42|xrd
nakada_2014,,10.1016/j.actamat.2013.10.067,,experimental,project4_literature_validation.csv,legacy_project4,experimental_digitized,6.0,0.0,0.0,0.0,,,,0.0,0.0,,650.0,86400.0,0.3,30.0,XRD,digitized_figure,quenched martensite,"Figure 4, decreasing",Acta Materialia,True,nakada_2014|6.0|0.0|0.0|0.0|650.0|86400.0|0.3|xrd
nakada_2014,,10.1016/j.actamat.2013.10.067,,experimental,project4_literature_validation.csv,legacy_project4,experimental_digitized,6.0,0.0,0.0,0.0,,,,0.0,0.0,,675.0,86400.0,0.08,8.0,XRD,digitized_figure,quenched martensite,"Figure 4, fresh martensite",Acta Materialia,True,nakada_2014|6.0|0.0|0.0|0.0|675.0|86400.0|0.08|xrd
shi_2010,,10.1016/j.scriptamat.2010.06.023,,experimental,project4_literature_validation.csv,legacy_project4,experimental_digitized,5.0,0.2,0.0,0.0,,,,0.0,0.0,,620.0,3600.0,0.18,18.0,XRD,digitized_figure,cold-rolled martensitic,Figure 1,Scripta Materialia,True,shi_2010|5.0|0.2|0.0|0.0|620.0|3600.0|0.18|xrd
shi_2010,,10.1016/j.scriptamat.2010.06.023,,experimental,project4_literature_validation.csv,legacy_project4,experimental_digitized,5.0,0.2,0.0,0.0,,,,0.0,0.0,,640.0,3600.0,0.25,25.0,XRD,digitized_figure,cold-rolled martensitic,Figure 1,Scripta Materialia,True,shi_2010|5.0|0.2|0.0|0.0|640.0|3600.0|0.25|xrd
shi_2010,,10.1016/j.scriptamat.2010.06.023,,experimental,project4_literature_validation.csv,legacy_project4,experimental_digitized,5.0,0.2,0.0,0.0,,,,0.0,0.0,,650.0,3600.0,0.3,30.0,XRD,digitized_figure,cold-rolled martensitic,"Figure 1, near peak",Scripta Materialia,True,shi_2010|5.0|0.2|0.0|0.0|650.0|3600.0|0.3|xrd
shi_2010,,10.1016/j.scriptamat.2010.06.023,,experimental,project4_literature_validation.csv,legacy_project4,experimental_digitized,5.0,0.2,0.0,0.0,,,,0.0,0.0,,660.0,3600.0,0.32,32.0,XRD,digitized_figure,cold-rolled martensitic,"Figure 1, peak",Scripta Materialia,True,shi_2010|5.0|0.2|0.0|0.0|660.0|3600.0|0.32|xrd
shi_2010,,10.1016/j.scriptamat.2010.06.023,,experimental,project4_literature_validation.csv,legacy_project4,experimental_digitized,5.0,0.2,0.0,0.0,,,,0.0,0.0,,680.0,3600.0,0.2,20.0,XRD,digitized_figure,cold-rolled martensitic,"Figure 1, decreasing",Scripta Materialia,True,shi_2010|5.0|0.2|0.0|0.0|680.0|3600.0|0.2|xrd
arlazarov_2012,,10.1016/j.msea.2012.02.024,,experimental,project4_literature_validation.csv,legacy_project4,experimental_digitized,5.0,0.1,0.0,0.0,,,,0.0,0.0,,600.0,7200.0,0.08,8.0,XRD,digitized_figure,"cold-rolled, double annealed",Figure 4,Materials Science and Engineering: A,True,arlazarov_2012|5.0|0.1|0.0|0.0|600.0|7200.0|0.08|xrd
arlazarov_2012,,10.1016/j.msea.2012.02.024,,experimental,project4_literature_validation.csv,legacy_project4,experimental_digitized,5.0,0.1,0.0,0.0,,,,0.0,0.0,,625.0,7200.0,0.15,15.0,XRD,digitized_figure,"cold-rolled, double annealed",Figure 4,Materials Science and Engineering: A,True,arlazarov_2012|5.0|0.1|0.0|0.0|625.0|7200.0|0.15|xrd
arlazarov_2012,,10.1016/j.msea.2012.02.024,,experimental,project4_literature_validation.csv,legacy_project4,experimental_digitized,5.0,0.1,0.0,0.0,,,,0.0,0.0,,650.0,7200.0,0.22,22.0,XRD,digitized_figure,"cold-rolled, double annealed","Figure 4, near peak",Materials Science and Engineering: A,True,arlazarov_2012|5.0|0.1|0.0|0.0|650.0|7200.0|0.22|xrd
arlazarov_2012,,10.1016/j.msea.2012.02.024,,experimental,project4_literature_validation.csv,legacy_project4,experimental_digitized,5.0,0.1,0.0,0.0,,,,0.0,0.0,,675.0,7200.0,0.25,25.0,XRD,digitized_figure,"cold-rolled, double annealed","Figure 4, peak",Materials Science and Engineering: A,True,arlazarov_2012|5.0|0.1|0.0|0.0|675.0|7200.0|0.25|xrd
arlazarov_2012,,10.1016/j.msea.2012.02.024,,experimental,project4_literature_validation.csv,legacy_project4,experimental_digitized,5.0,0.1,0.0,0.0,,,,0.0,0.0,,700.0,7200.0,0.18,18.0,XRD,digitized_figure,"cold-rolled, double annealed","Figure 4, decreasing",Materials Science and Engineering: A,True,arlazarov_2012|5.0|0.1|0.0|0.0|700.0|7200.0|0.18|xrd
han_2014,,10.1016/j.msea.2015.02.055,,experimental,project4_literature_validation.csv,legacy_project4,experimental_digitized,9.0,0.05,0.0,0.0,,,,0.0,0.0,,600.0,3600.0,0.12,12.0,XRD,digitized_figure,water-quenched martensite,Figure 3,Materials Science and Engineering: A,True,han_2014|9.0|0.05|0.0|0.0|600.0|3600.0|0.12|xrd
han_2014,,10.1016/j.msea.2015.02.055,,experimental,project4_literature_validation.csv,legacy_project4,experimental_digitized,9.0,0.05,0.0,0.0,,,,0.0,0.0,,625.0,3600.0,0.2,20.0,XRD,digitized_figure,water-quenched martensite,Figure 3,Materials Science and Engineering: A,True,han_2014|9.0|0.05|0.0|0.0|625.0|3600.0|0.2|xrd
han_2014,,10.1016/j.msea.2015.02.055,,experimental,project4_literature_validation.csv,legacy_project4,experimental_digitized,9.0,0.05,0.0,0.0,,,,0.0,0.0,,650.0,3600.0,0.3,30.0,XRD,digitized_figure,water-quenched martensite,"Figure 3, near peak",Materials Science and Engineering: A,True,han_2014|9.0|0.05|0.0|0.0|650.0|3600.0|0.3|xrd
han_2014,,10.1016/j.msea.2015.02.055,,experimental,project4_literature_validation.csv,legacy_project4,experimental_digitized,9.0,0.05,0.0,0.0,,,,0.0,0.0,,675.0,3600.0,0.35,35.0,XRD,digitized_figure,water-quenched martensite,"Figure 3, peak",Materials Science and Engineering: A,True,han_2014|9.0|0.05|0.0|0.0|675.0|3600.0|0.35|xrd
han_2014,,10.1016/j.msea.2015.02.055,,experimental,project4_literature_validation.csv,legacy_project4,experimental_digitized,9.0,0.05,0.0,0.0,,,,0.0,0.0,,700.0,3600.0,0.25,25.0,XRD,digitized_figure,water-quenched martensite,Figure 3,Materials Science and Engineering: A,True,han_2014|9.0|0.05|0.0|0.0|700.0|3600.0|0.25|xrd
han_2014,,10.1016/j.msea.2015.02.055,,experimental,project4_literature_validation.csv,legacy_project4,experimental_digitized,9.0,0.05,0.0,0.0,,,,0.0,0.0,,725.0,3600.0,0.1,10.0,XRD,digitized_figure,water-quenched martensite,"Figure 3, fresh martensite",Materials Science and Engineering: A,True,han_2014|9.0|0.05|0.0|0.0|725.0|3600.0|0.1|xrd
miller_2013,,10.1007/BF02647665,,experimental,project4_literature_validation.csv,legacy_project4,experimental_digitized,5.8,0.1,0.0,0.5,,,,0.0,0.0,,600.0,3600.0,0.1,10.0,XRD,digitized_figure,cold-rolled and annealed,Table 2,Metallurgical Transactions,True,miller_2013|5.8|0.1|0.0|0.5|600.0|3600.0|0.1|xrd
miller_2013,,10.1007/BF02647665,,experimental,project4_literature_validation.csv,legacy_project4,experimental_digitized,5.8,0.1,0.0,0.5,,,,0.0,0.0,,625.0,3600.0,0.18,18.0,XRD,digitized_figure,cold-rolled and annealed,Table 2,Metallurgical Transactions,True,miller_2013|5.8|0.1|0.0|0.5|625.0|3600.0|0.18|xrd
miller_2013,,10.1007/BF02647665,,experimental,project4_literature_validation.csv,legacy_project4,experimental_digitized,5.8,0.1,0.0,0.5,,,,0.0,0.0,,650.0,3600.0,0.3,30.0,XRD,digitized_figure,cold-rolled and annealed,"Table 2, peak",Metallurgical Transactions,True,miller_2013|5.8|0.1|0.0|0.5|650.0|3600.0|0.3|xrd
miller_2013,,10.1007/BF02647665,,experimental,project4_literature_validation.csv,legacy_project4,experimental_digitized,5.8,0.1,0.0,0.5,,,,0.0,0.0,,675.0,3600.0,0.22,22.0,XRD,digitized_figure,cold-rolled and annealed,Table 2,Metallurgical Transactions,True,miller_2013|5.8|0.1|0.0|0.5|675.0|3600.0|0.22|xrd
miller_2013,,10.1007/BF02647665,,experimental,project4_literature_validation.csv,legacy_project4,experimental_digitized,5.8,0.1,0.0,0.5,,,,0.0,0.0,,700.0,3600.0,0.12,12.0,XRD,digitized_figure,cold-rolled and annealed,Table 2,Metallurgical Transactions,True,miller_2013|5.8|0.1|0.0|0.5|700.0|3600.0|0.12|xrd
hu_luo_2017,,10.1016/j.jallcom.2017.07.174,,experimental,project4_literature_validation.csv,legacy_project4,experimental_digitized,7.0,0.1,0.5,0.0,,,,0.0,0.0,,600.0,3600.0,0.15,15.0,XRD,digitized_figure,warm-rolled,Table 1,Journal of Alloys and Compounds,True,hu_luo_2017|7.0|0.1|0.5|0.0|600.0|3600.0|0.15|xrd
hu_luo_2017,,10.1016/j.jallcom.2017.07.174,,experimental,project4_literature_validation.csv,legacy_project4,experimental_digitized,7.0,0.1,0.5,0.0,,,,0.0,0.0,,625.0,3600.0,0.25,25.0,XRD,digitized_figure,warm-rolled,Table 1,Journal of Alloys and Compounds,True,hu_luo_2017|7.0|0.1|0.5|0.0|625.0|3600.0|0.25|xrd
hu_luo_2017,,10.1016/j.jallcom.2017.07.174,,experimental,project4_literature_validation.csv,legacy_project4,experimental_digitized,7.0,0.1,0.5,0.0,,,,0.0,0.0,,650.0,3600.0,0.38,38.0,XRD,digitized_figure,warm-rolled,"Table 1, peak",Journal of Alloys and Compounds,True,hu_luo_2017|7.0|0.1|0.5|0.0|650.0|3600.0|0.38|xrd
hu_luo_2017,,10.1016/j.jallcom.2017.07.174,,experimental,project4_literature_validation.csv,legacy_project4,experimental_digitized,7.0,0.1,0.5,0.0,,,,0.0,0.0,,675.0,3600.0,0.3,30.0,XRD,digitized_figure,warm-rolled,Table 1,Journal of Alloys and Compounds,True,hu_luo_2017|7.0|0.1|0.5|0.0|675.0|3600.0|0.3|xrd
cai_2016,,10.1016/j.actamat.2014.10.052,,experimental,project4_literature_validation.csv,legacy_project4,experimental_digitized,10.0,0.3,2.0,0.0,,,,0.0,0.0,,625.0,3600.0,0.18,18.0,XRD,digitized_figure,cold-rolled martensitic,Figure 2,Acta Materialia,True,cai_2016|10.0|0.3|2.0|0.0|625.0|3600.0|0.18|xrd
cai_2016,,10.1016/j.actamat.2014.10.052,,experimental,project4_literature_validation.csv,legacy_project4,experimental_digitized,10.0,0.3,2.0,0.0,,,,0.0,0.0,,650.0,3600.0,0.32,32.0,XRD,digitized_figure,cold-rolled martensitic,Figure 2,Acta Materialia,True,cai_2016|10.0|0.3|2.0|0.0|650.0|3600.0|0.32|xrd
cai_2016,,10.1016/j.actamat.2014.10.052,,experimental,project4_literature_validation.csv,legacy_project4,experimental_digitized,10.0,0.3,2.0,0.0,,,,0.0,0.0,,675.0,3600.0,0.42,42.0,XRD,digitized_figure,cold-rolled martensitic,"Figure 2, near peak",Acta Materialia,True,cai_2016|10.0|0.3|2.0|0.0|675.0|3600.0|0.42|xrd
cai_2016,,10.1016/j.actamat.2014.10.052,,experimental,project4_literature_validation.csv,legacy_project4,experimental_digitized,10.0,0.3,2.0,0.0,,,,0.0,0.0,,700.0,3600.0,0.48,48.0,XRD,digitized_figure,cold-rolled martensitic,"Figure 2, peak",Acta Materialia,True,cai_2016|10.0|0.3|2.0|0.0|700.0|3600.0|0.48|xrd
zhao_2014,,10.3390/ma7127891,,experimental,project4_literature_validation.csv,legacy_project4,experimental_digitized,7.9,0.07,0.05,0.14,,,,0.0,0.0,,580.0,3600.0,0.12,12.0,XRD,digitized_figure,cold-rolled martensitic,Figure 3,Materials,True,zhao_2014|7.9|0.07|0.05|0.14|580.0|3600.0|0.12|xrd
zhao_2014,,10.3390/ma7127891,,experimental,project4_literature_validation.csv,legacy_project4,experimental_digitized,7.9,0.07,0.05,0.14,,,,0.0,0.0,,600.0,3600.0,0.22,22.0,XRD,digitized_figure,cold-rolled martensitic,Figure 3,Materials,True,zhao_2014|7.9|0.07|0.05|0.14|600.0|3600.0|0.22|xrd
zhao_2014,,10.3390/ma7127891,,experimental,project4_literature_validation.csv,legacy_project4,experimental_digitized,7.9,0.07,0.05,0.14,,,,0.0,0.0,,620.0,3600.0,0.33,33.0,XRD,digitized_figure,cold-rolled martensitic,Figure 3,Materials,True,zhao_2014|7.9|0.07|0.05|0.14|620.0|3600.0|0.33|xrd
zhao_2014,,10.3390/ma7127891,,experimental,project4_literature_validation.csv,legacy_project4,experimental_digitized,7.9,0.07,0.05,0.14,,,,0.0,0.0,,640.0,3600.0,0.38,38.0,XRD,digitized_figure,cold-rolled martensitic,"Figure 3, near peak",Materials,True,zhao_2014|7.9|0.07|0.05|0.14|640.0|3600.0|0.38|xrd
zhao_2014,,10.3390/ma7127891,,experimental,project4_literature_validation.csv,legacy_project4,experimental_digitized,7.9,0.07,0.05,0.14,,,,0.0,0.0,,660.0,3600.0,0.35,35.0,XRD,digitized_figure,cold-rolled martensitic,Figure 3,Materials,True,zhao_2014|7.9|0.07|0.05|0.14|660.0|3600.0|0.35|xrd
zhao_2014,,10.3390/ma7127891,,experimental,project4_literature_validation.csv,legacy_project4,experimental_digitized,7.9,0.07,0.05,0.14,,,,0.0,0.0,,680.0,3600.0,0.2,20.0,XRD,digitized_figure,cold-rolled martensitic,Figure 3,Materials,True,zhao_2014|7.9|0.07|0.05|0.14|680.0|3600.0|0.2|xrd
zhao_2014,,10.3390/ma7127891,,experimental,project4_literature_validation.csv,legacy_project4,experimental_digitized,7.9,0.07,0.05,0.14,,,,0.0,0.0,,700.0,3600.0,0.05,5.0,XRD,digitized_figure,cold-rolled martensitic,"Figure 3, fresh martensite",Materials,True,zhao_2014|7.9|0.07|0.05|0.14|700.0|3600.0|0.05|xrd
suh_2017,,10.1016/j.scriptamat.2016.07.013,,experimental,project4_literature_validation.csv,legacy_project4,experimental_digitized,6.0,0.1,3.0,0.0,,,,0.0,0.0,,700.0,3600.0,0.2,20.0,XRD,digitized_figure,cold-rolled martensitic,Figure 2,Scripta Materialia,True,suh_2017|6.0|0.1|3.0|0.0|700.0|3600.0|0.2|xrd
suh_2017,,10.1016/j.scriptamat.2016.07.013,,experimental,project4_literature_validation.csv,legacy_project4,experimental_digitized,6.0,0.1,3.0,0.0,,,,0.0,0.0,,725.0,3600.0,0.35,35.0,XRD,digitized_figure,cold-rolled martensitic,Figure 2,Scripta Materialia,True,suh_2017|6.0|0.1|3.0|0.0|725.0|3600.0|0.35|xrd
suh_2017,,10.1016/j.scriptamat.2016.07.013,,experimental,project4_literature_validation.csv,legacy_project4,experimental_digitized,6.0,0.1,3.0,0.0,,,,0.0,0.0,,750.0,3600.0,0.45,45.0,XRD,digitized_figure,cold-rolled martensitic,"Figure 2, peak",Scripta Materialia,True,suh_2017|6.0|0.1|3.0|0.0|750.0|3600.0|0.45|xrd
suh_2017,,10.1016/j.scriptamat.2016.07.013,,experimental,project4_literature_validation.csv,legacy_project4,experimental_digitized,6.0,0.1,3.0,0.0,,,,0.0,0.0,,775.0,3600.0,0.38,38.0,XRD,digitized_figure,cold-rolled martensitic,Figure 2,Scripta Materialia,True,suh_2017|6.0|0.1|3.0|0.0|775.0|3600.0|0.38|xrd
suh_2017,,10.1016/j.scriptamat.2016.07.013,,experimental,project4_literature_validation.csv,legacy_project4,experimental_digitized,6.0,0.1,3.0,0.0,,,,0.0,0.0,,800.0,3600.0,0.22,22.0,XRD,digitized_figure,cold-rolled martensitic,Figure 2,Scripta Materialia,True,suh_2017|6.0|0.1|3.0|0.0|800.0|3600.0|0.22|xrd
sun_2018,,10.1016/j.actamat.2018.02.005,,experimental,project4_literature_validation.csv,legacy_project4,experimental_digitized,12.0,0.05,0.0,0.0,,,,0.0,0.0,,625.0,600.0,0.08,8.0,XRD,digitized_figure,cold-rolled martensitic,"Figure 2, early",Acta Materialia,True,sun_2018|12.0|0.05|0.0|0.0|625.0|600.0|0.08|xrd
sun_2018,,10.1016/j.actamat.2018.02.005,,experimental,project4_literature_validation.csv,legacy_project4,experimental_digitized,12.0,0.05,0.0,0.0,,,,0.0,0.0,,625.0,3600.0,0.2,20.0,XRD,digitized_figure,cold-rolled martensitic,Figure 2,Acta Materialia,True,sun_2018|12.0|0.05|0.0|0.0|625.0|3600.0|0.2|xrd
sun_2018,,10.1016/j.actamat.2018.02.005,,experimental,project4_literature_validation.csv,legacy_project4,experimental_digitized,12.0,0.05,0.0,0.0,,,,0.0,0.0,,625.0,14400.0,0.32,32.0,XRD,digitized_figure,cold-rolled martensitic,Figure 2,Acta Materialia,True,sun_2018|12.0|0.05|0.0|0.0|625.0|14400.0|0.32|xrd
sun_2018,,10.1016/j.actamat.2018.02.005,,experimental,project4_literature_validation.csv,legacy_project4,experimental_digitized,12.0,0.05,0.0,0.0,,,,0.0,0.0,,625.0,86400.0,0.42,42.0,XRD,digitized_figure,cold-rolled martensitic,"Figure 2, near saturation",Acta Materialia,True,sun_2018|12.0|0.05|0.0|0.0|625.0|86400.0|0.42|xrd
sun_2018,,10.1016/j.actamat.2018.02.005,,experimental,project4_literature_validation.csv,legacy_project4,experimental_digitized,12.0,0.05,0.0,0.0,,,,0.0,0.0,,575.0,3600.0,0.1,10.0,XRD,digitized_figure,cold-rolled martensitic,Figure 3,Acta Materialia,True,sun_2018|12.0|0.05|0.0|0.0|575.0|3600.0|0.1|xrd
sun_2018,,10.1016/j.actamat.2018.02.005,,experimental,project4_literature_validation.csv,legacy_project4,experimental_digitized,12.0,0.05,0.0,0.0,,,,0.0,0.0,,600.0,3600.0,0.15,15.0,XRD,digitized_figure,cold-rolled martensitic,Figure 3,Acta Materialia,True,sun_2018|12.0|0.05|0.0|0.0|600.0|3600.0|0.15|xrd
sun_2018,,10.1016/j.actamat.2018.02.005,,experimental,project4_literature_validation.csv,legacy_project4,experimental_digitized,12.0,0.05,0.0,0.0,,,,0.0,0.0,,650.0,3600.0,0.25,25.0,XRD,digitized_figure,cold-rolled martensitic,"Figure 3, peak",Acta Materialia,True,sun_2018|12.0|0.05|0.0|0.0|650.0|3600.0|0.25|xrd
sun_2018,,10.1016/j.actamat.2018.02.005,,experimental,project4_literature_validation.csv,legacy_project4,experimental_digitized,12.0,0.05,0.0,0.0,,,,0.0,0.0,,675.0,3600.0,0.15,15.0,XRD,digitized_figure,cold-rolled martensitic,Figure 3,Acta Materialia,True,sun_2018|12.0|0.05|0.0|0.0|675.0|3600.0|0.15|xrd
ma_2019,,10.3390/ma12091402,,experimental,project4_literature_validation.csv,legacy_project4,experimental_digitized,8.0,0.2,2.0,0.5,,,,0.0,0.0,,625.0,3600.0,0.1,10.0,XRD,digitized_figure,cold-rolled martensitic,Figure 3,Materials,True,ma_2019|8.0|0.2|2.0|0.5|625.0|3600.0|0.1|xrd
ma_2019,,10.3390/ma12091402,,experimental,project4_literature_validation.csv,legacy_project4,experimental_digitized,8.0,0.2,2.0,0.5,,,,0.0,0.0,,650.0,3600.0,0.22,22.0,XRD,digitized_figure,cold-rolled martensitic,Figure 3,Materials,True,ma_2019|8.0|0.2|2.0|0.5|650.0|3600.0|0.22|xrd
ma_2019,,10.3390/ma12091402,,experimental,project4_literature_validation.csv,legacy_project4,experimental_digitized,8.0,0.2,2.0,0.5,,,,0.0,0.0,,675.0,3600.0,0.38,38.0,XRD,digitized_figure,cold-rolled martensitic,"Figure 3, near peak",Materials,True,ma_2019|8.0|0.2|2.0|0.5|675.0|3600.0|0.38|xrd
ma_2019,,10.3390/ma12091402,,experimental,project4_literature_validation.csv,legacy_project4,experimental_digitized,8.0,0.2,2.0,0.5,,,,0.0,0.0,,700.0,3600.0,0.45,45.0,XRD,digitized_figure,cold-rolled martensitic,"Figure 3, peak",Materials,True,ma_2019|8.0|0.2|2.0|0.5|700.0|3600.0|0.45|xrd
ma_2019,,10.3390/ma12091402,,experimental,project4_literature_validation.csv,legacy_project4,experimental_digitized,8.0,0.2,2.0,0.5,,,,0.0,0.0,,725.0,3600.0,0.35,35.0,XRD,digitized_figure,cold-rolled martensitic,Figure 3,Materials,True,ma_2019|8.0|0.2|2.0|0.5|725.0|3600.0|0.35|xrd
ma_2019,,10.3390/ma12091402,,experimental,project4_literature_validation.csv,legacy_project4,experimental_digitized,8.0,0.2,2.0,0.5,,,,0.0,0.0,,750.0,3600.0,0.18,18.0,XRD,digitized_figure,cold-rolled martensitic,"Figure 3, decreasing",Materials,True,ma_2019|8.0|0.2|2.0|0.5|750.0|3600.0|0.18|xrd
demoor_2015,,10.2355/isijinternational.55.234,,experimental,project4_literature_validation.csv,legacy_project4,experimental_digitized,7.0,0.1,0.0,0.0,,,,0.0,0.0,,620.0,300.0,0.05,5.0,XRD,digitized_figure,cold-rolled martensitic,Table II / Figure 3,ISIJ International,True,demoor_2015|7.0|0.1|0.0|0.0|620.0|300.0|0.05|xrd
demoor_2015,,10.2355/isijinternational.55.234,,experimental,project4_literature_validation.csv,legacy_project4,experimental_digitized,7.0,0.1,0.0,0.0,,,,0.0,0.0,,620.0,1800.0,0.12,12.0,XRD,digitized_figure,cold-rolled martensitic,Table II / Figure 3,ISIJ International,True,demoor_2015|7.0|0.1|0.0|0.0|620.0|1800.0|0.12|xrd
demoor_2015,,10.2355/isijinternational.55.234,,experimental,project4_literature_validation.csv,legacy_project4,experimental_digitized,7.0,0.1,0.0,0.0,,,,0.0,0.0,,620.0,7200.0,0.22,22.0,XRD,digitized_figure,cold-rolled martensitic,Table II / Figure 3,ISIJ International,True,demoor_2015|7.0|0.1|0.0|0.0|620.0|7200.0|0.22|xrd
demoor_2015,,10.2355/isijinternational.55.234,,experimental,project4_literature_validation.csv,legacy_project4,experimental_digitized,7.0,0.1,0.0,0.0,,,,0.0,0.0,,620.0,43200.0,0.32,32.0,XRD,digitized_figure,cold-rolled martensitic,Table II / Figure 3,ISIJ International,True,demoor_2015|7.0|0.1|0.0|0.0|620.0|43200.0|0.32|xrd
demoor_2015,,10.2355/isijinternational.55.234,,experimental,project4_literature_validation.csv,legacy_project4,experimental_digitized,7.0,0.1,0.0,0.0,,,,0.0,0.0,,620.0,86400.0,0.36,36.0,XRD,digitized_figure,cold-rolled martensitic,Table II / Figure 3,ISIJ International,True,demoor_2015|7.0|0.1|0.0|0.0|620.0|86400.0|0.36|xrd
demoor_2015,,10.2355/isijinternational.55.234,,experimental,project4_literature_validation.csv,legacy_project4,experimental_digitized,7.0,0.1,0.0,0.0,,,,0.0,0.0,,620.0,604800.0,0.4,40.0,XRD,digitized_figure,cold-rolled martensitic,"Table II / Figure 3, saturation",ISIJ International,True,demoor_2015|7.0|0.1|0.0|0.0|620.0|604800.0|0.4|xrd
hausman_2017,,10.1016/j.msea.2016.12.055,,experimental,project4_literature_validation.csv,legacy_project4,experimental_digitized,6.0,0.3,0.0,0.5,,,,0.0,0.0,,575.0,3600.0,0.15,15.0,XRD,digitized_figure,cold-rolled martensitic,Figure 4,Materials Science and Engineering: A,True,hausman_2017|6.0|0.3|0.0|0.5|575.0|3600.0|0.15|xrd
hausman_2017,,10.1016/j.msea.2016.12.055,,experimental,project4_literature_validation.csv,legacy_project4,experimental_digitized,6.0,0.3,0.0,0.5,,,,0.0,0.0,,600.0,3600.0,0.28,28.0,XRD,digitized_figure,cold-rolled martensitic,Figure 4,Materials Science and Engineering: A,True,hausman_2017|6.0|0.3|0.0|0.5|600.0|3600.0|0.28|xrd
hausman_2017,,10.1016/j.msea.2016.12.055,,experimental,project4_literature_validation.csv,legacy_project4,experimental_digitized,6.0,0.3,0.0,0.5,,,,0.0,0.0,,625.0,3600.0,0.38,38.0,XRD,digitized_figure,cold-rolled martensitic,"Figure 4, near peak",Materials Science and Engineering: A,True,hausman_2017|6.0|0.3|0.0|0.5|625.0|3600.0|0.38|xrd
hausman_2017,,10.1016/j.msea.2016.12.055,,experimental,project4_literature_validation.csv,legacy_project4,experimental_digitized,6.0,0.3,0.0,0.5,,,,0.0,0.0,,650.0,3600.0,0.42,42.0,XRD,digitized_figure,cold-rolled martensitic,"Figure 4, peak",Materials Science and Engineering: A,True,hausman_2017|6.0|0.3|0.0|0.5|650.0|3600.0|0.42|xrd
