Study,Year,DOI_or_ID,Source_URL,Source_Access,Source_File,Inclusion_Tier,Reliability_Tier,Mn_wt,C_wt,Al_wt,Si_wt,Cu_wt,Ni_wt,Cr_wt,Mo_wt,Nb_wt,V_wt,T_anneal_C,Time_sec,RA_fraction,RA_pct,Measurement_Method,Data_Quality,Initial_Condition,Source_Ref,Extraction_Note,ML_Ready,Row_Key
mehrabi_2024_process_map_compilation,2024.0,10.3390/ma17050993,https://www.mdpi.com/1996-1944/17/5/993,open_access_mdpi,open_access_verified_additions.csv,secondary_compiled_exact,transfer_or_secondary,5.91,0.18,0.4,1.5,0.0,0.0,0.6,,,,675.0,120.0,0.15,15.0,XRD,compiled_table,tempered martensite starting microstructure,Table 1,Secondary compilation of measured RA vol pct from literature ref [28]; primary source still needs tracing before final publication dataset.,True,mehrabi_2024_process_map_compilation|5.91|0.18|0.4|1.5|675.0|120.0|0.15|xrd
mehrabi_2024_process_map_compilation,2024.0,10.3390/ma17050993,https://www.mdpi.com/1996-1944/17/5/993,open_access_mdpi,open_access_verified_additions.csv,secondary_compiled_exact,transfer_or_secondary,5.56,0.15,1.89,1.1,0.0,0.0,0.0,,,,710.0,120.0,0.27,27.0,XRD,compiled_table,tempered martensite starting microstructure,Table 1,Secondary compilation of measured RA vol pct from literature ref [31]; Table also reports intercritical gamma 40.0 vol pct.,True,mehrabi_2024_process_map_compilation|5.56|0.15|1.89|1.1|710.0|120.0|0.27|xrd
mehrabi_2024_process_map_compilation,2024.0,10.3390/ma17050993,https://www.mdpi.com/1996-1944/17/5/993,open_access_mdpi,open_access_verified_additions.csv,secondary_compiled_exact,transfer_or_secondary,5.91,0.18,0.4,1.5,0.0,0.0,0.6,,,,710.0,120.0,0.25,25.0,XRD,compiled_table,tempered martensite starting microstructure,Table 1,Secondary compilation of measured RA vol pct from literature ref [28]; primary source still needs tracing before final publication dataset.,True,mehrabi_2024_process_map_compilation|5.91|0.18|0.4|1.5|710.0|120.0|0.25|xrd
mehrabi_2024_process_map_compilation,2024.0,10.3390/ma17050993,https://www.mdpi.com/1996-1944/17/5/993,open_access_mdpi,open_access_verified_additions.csv,secondary_compiled_exact,transfer_or_secondary,5.56,0.15,1.89,1.1,0.0,0.0,0.0,,,,665.0,120.0,0.21,21.0,XRD,compiled_table,martensitic starting microstructure,Table 1,"Secondary compilation of measured RA vol pct from literature refs [26,32]; Table also reports intercritical gamma 30.8 vol pct.",True,mehrabi_2024_process_map_compilation|5.56|0.15|1.89|1.1|665.0|120.0|0.21|xrd
mehrabi_2024_process_map_compilation,2024.0,10.3390/ma17050993,https://www.mdpi.com/1996-1944/17/5/993,open_access_mdpi,open_access_verified_additions.csv,secondary_compiled_exact,transfer_or_secondary,5.56,0.15,1.89,1.1,0.0,0.0,0.0,,,,710.0,120.0,0.31,31.0,XRD,compiled_table,martensitic starting microstructure,Table 1,"Secondary compilation of measured RA vol pct from literature refs [26,32]; Table also reports intercritical gamma 45.0 vol pct.",True,mehrabi_2024_process_map_compilation|5.56|0.15|1.89|1.1|710.0|120.0|0.31|xrd
mehrabi_2024_process_map_compilation,2024.0,10.3390/ma17050993,https://www.mdpi.com/1996-1944/17/5/993,open_access_mdpi,open_access_verified_additions.csv,secondary_compiled_exact,transfer_or_secondary,5.91,0.18,0.4,1.5,0.0,0.0,0.6,,,,675.0,120.0,0.25,25.0,XRD,compiled_table,martensitic starting microstructure,Table 1,Secondary compilation of measured RA vol pct from literature ref [28]; primary source still needs tracing before final publication dataset.,True,mehrabi_2024_process_map_compilation|5.91|0.18|0.4|1.5|675.0|120.0|0.25|xrd
mehrabi_2024_process_map_compilation,2024.0,10.3390/ma17050993,https://www.mdpi.com/1996-1944/17/5/993,open_access_mdpi,open_access_verified_additions.csv,secondary_compiled_exact,transfer_or_secondary,5.91,0.18,0.4,1.5,0.0,0.0,0.6,,,,690.0,120.0,0.33,33.0,XRD,compiled_table,martensitic starting microstructure,Table 1,Secondary compilation of measured RA vol pct from literature ref [28]; primary source still needs tracing before final publication dataset.,True,mehrabi_2024_process_map_compilation|5.91|0.18|0.4|1.5|690.0|120.0|0.33|xrd
mehrabi_2024_process_map_compilation,2024.0,10.3390/ma17050993,https://www.mdpi.com/1996-1944/17/5/993,open_access_mdpi,open_access_verified_additions.csv,secondary_compiled_exact,transfer_or_secondary,5.91,0.18,0.4,1.5,0.0,0.0,0.6,,,,710.0,120.0,0.37,37.0,XRD,compiled_table,martensitic starting microstructure,Table 1,Secondary compilation of measured RA vol pct from literature ref [28]; primary source still needs tracing before final publication dataset.,True,mehrabi_2024_process_map_compilation|5.91|0.18|0.4|1.5|710.0|120.0|0.37|xrd
grajcar_2018_ra_stability,2018.0,10.3390/app8112156,https://www.mdpi.com/2076-3417/8/11/2156,open_access_mdpi,transfer_real_ra_stability.csv,transfer_real_bainitic_hold,transfer_or_secondary,3.3,0.17,1.7,0.22,,,,0.23,0.0,,450.0,60.0,0.104,10.4,XRD,table,850-700-650-450,Table 3,3Mn steel thermomechanically processed then isothermally held at bainitic temperature; not classic IA but real RA stability data.,True,grajcar_2018_ra_stability|3.3|0.17|1.7|0.22|450.0|60.0|0.104|xrd
grajcar_2018_ra_stability,2018.0,10.3390/app8112156,https://www.mdpi.com/2076-3417/8/11/2156,open_access_mdpi,transfer_real_ra_stability.csv,transfer_real_bainitic_hold,transfer_or_secondary,3.3,0.17,1.7,0.22,,,,0.23,0.0,,450.0,300.0,0.133,13.3,XRD,table,850-700-650-450,Table 3,3Mn steel thermomechanically processed then isothermally held at bainitic temperature; not classic IA but real RA stability data.,True,grajcar_2018_ra_stability|3.3|0.17|1.7|0.22|450.0|300.0|0.133|xrd
grajcar_2018_ra_stability,2018.0,10.3390/app8112156,https://www.mdpi.com/2076-3417/8/11/2156,open_access_mdpi,transfer_real_ra_stability.csv,transfer_real_bainitic_hold,transfer_or_secondary,3.3,0.17,1.7,0.22,,,,0.23,0.0,,450.0,600.0,0.132,13.2,XRD,table,850-700-650-450,Table 3,3Mn steel thermomechanically processed then isothermally held at bainitic temperature; not classic IA but real RA stability data.,True,grajcar_2018_ra_stability|3.3|0.17|1.7|0.22|450.0|600.0|0.132|xrd
grajcar_2018_ra_stability,2018.0,10.3390/app8112156,https://www.mdpi.com/2076-3417/8/11/2156,open_access_mdpi,transfer_real_ra_stability.csv,transfer_real_bainitic_hold,transfer_or_secondary,3.3,0.17,1.7,0.22,,,,0.23,0.0,,450.0,1800.0,0.047,4.7,XRD,table,850-700-650-450,Table 3,3Mn steel thermomechanically processed then isothermally held at bainitic temperature; not classic IA but real RA stability data.,True,grajcar_2018_ra_stability|3.3|0.17|1.7|0.22|450.0|1800.0|0.047|xrd
grajcar_2018_ra_stability,2018.0,10.3390/app8112156,https://www.mdpi.com/2076-3417/8/11/2156,open_access_mdpi,transfer_real_ra_stability.csv,transfer_real_bainitic_hold,transfer_or_secondary,3.3,0.17,1.7,0.22,,,,0.23,0.0,,350.0,300.0,0.094,9.4,XRD,table,850-700-650-350,Table 3,3Mn steel thermomechanically processed then isothermally held at bainitic temperature; not classic IA but real RA stability data.,True,grajcar_2018_ra_stability|3.3|0.17|1.7|0.22|350.0|300.0|0.094|xrd
grajcar_2018_ra_stability,2018.0,10.3390/app8112156,https://www.mdpi.com/2076-3417/8/11/2156,open_access_mdpi,transfer_real_ra_stability.csv,transfer_real_bainitic_hold,transfer_or_secondary,3.3,0.17,1.7,0.22,,,,0.23,0.0,,400.0,300.0,0.168,16.8,XRD,table,850-700-650-400,Table 3,3Mn steel thermomechanically processed then isothermally held at bainitic temperature; not classic IA but real RA stability data.,True,grajcar_2018_ra_stability|3.3|0.17|1.7|0.22|400.0|300.0|0.168|xrd
grajcar_2018_ra_stability,2018.0,10.3390/app8112156,https://www.mdpi.com/2076-3417/8/11/2156,open_access_mdpi,transfer_real_ra_stability.csv,transfer_real_bainitic_hold,transfer_or_secondary,3.3,0.17,1.7,0.22,,,,0.23,0.0,,500.0,300.0,0.111,11.1,XRD,table,850-700-650-500,Table 3,3Mn steel thermomechanically processed then isothermally held at bainitic temperature; not classic IA but real RA stability data.,True,grajcar_2018_ra_stability|3.3|0.17|1.7|0.22|500.0|300.0|0.111|xrd
grajcar_2018_ra_stability,2018.0,10.3390/app8112156,https://www.mdpi.com/2076-3417/8/11/2156,open_access_mdpi,transfer_real_ra_stability.csv,transfer_real_bainitic_hold,transfer_or_secondary,3.1,0.17,1.6,0.22,,,,0.22,0.04,,450.0,60.0,0.115,11.5,XRD,table,850-700-650-450,Table 3,3MnNb steel thermomechanically processed then isothermally held at bainitic temperature; not classic IA but real RA stability data.,True,grajcar_2018_ra_stability|3.1|0.17|1.6|0.22|450.0|60.0|0.115|xrd
grajcar_2018_ra_stability,2018.0,10.3390/app8112156,https://www.mdpi.com/2076-3417/8/11/2156,open_access_mdpi,transfer_real_ra_stability.csv,transfer_real_bainitic_hold,transfer_or_secondary,3.1,0.17,1.6,0.22,,,,0.22,0.04,,450.0,300.0,0.159,15.9,XRD,table,850-700-650-450,Table 3,3MnNb steel thermomechanically processed then isothermally held at bainitic temperature; not classic IA but real RA stability data.,True,grajcar_2018_ra_stability|3.1|0.17|1.6|0.22|450.0|300.0|0.159|xrd
grajcar_2018_ra_stability,2018.0,10.3390/app8112156,https://www.mdpi.com/2076-3417/8/11/2156,open_access_mdpi,transfer_real_ra_stability.csv,transfer_real_bainitic_hold,transfer_or_secondary,3.1,0.17,1.6,0.22,,,,0.22,0.04,,450.0,600.0,0.124,12.4,XRD,table,850-700-650-450,Table 3,3MnNb steel thermomechanically processed then isothermally held at bainitic temperature; not classic IA but real RA stability data.,True,grajcar_2018_ra_stability|3.1|0.17|1.6|0.22|450.0|600.0|0.124|xrd
grajcar_2018_ra_stability,2018.0,10.3390/app8112156,https://www.mdpi.com/2076-3417/8/11/2156,open_access_mdpi,transfer_real_ra_stability.csv,transfer_real_bainitic_hold,transfer_or_secondary,3.1,0.17,1.6,0.22,,,,0.22,0.04,,450.0,1800.0,0.078,7.8,XRD,table,850-700-650-450,Table 3,3MnNb steel thermomechanically processed then isothermally held at bainitic temperature; not classic IA but real RA stability data.,True,grajcar_2018_ra_stability|3.1|0.17|1.6|0.22|450.0|1800.0|0.078|xrd
grajcar_2018_ra_stability,2018.0,10.3390/app8112156,https://www.mdpi.com/2076-3417/8/11/2156,open_access_mdpi,transfer_real_ra_stability.csv,transfer_real_bainitic_hold,transfer_or_secondary,3.1,0.17,1.6,0.22,,,,0.22,0.04,,350.0,300.0,0.093,9.3,XRD,table,850-700-650-350,Table 3,3MnNb steel thermomechanically processed then isothermally held at bainitic temperature; not classic IA but real RA stability data.,True,grajcar_2018_ra_stability|3.1|0.17|1.6|0.22|350.0|300.0|0.093|xrd
grajcar_2018_ra_stability,2018.0,10.3390/app8112156,https://www.mdpi.com/2076-3417/8/11/2156,open_access_mdpi,transfer_real_ra_stability.csv,transfer_real_bainitic_hold,transfer_or_secondary,3.1,0.17,1.6,0.22,,,,0.22,0.04,,400.0,300.0,0.177,17.7,XRD,table,850-700-650-400,Table 3,3MnNb steel thermomechanically processed then isothermally held at bainitic temperature; not classic IA but real RA stability data.,True,grajcar_2018_ra_stability|3.1|0.17|1.6|0.22|400.0|300.0|0.177|xrd
grajcar_2018_ra_stability,2018.0,10.3390/app8112156,https://www.mdpi.com/2076-3417/8/11/2156,open_access_mdpi,transfer_real_ra_stability.csv,transfer_real_bainitic_hold,transfer_or_secondary,3.1,0.17,1.6,0.22,,,,0.22,0.04,,500.0,300.0,0.098,9.8,XRD,table,850-700-650-500,Table 3,3MnNb steel thermomechanically processed then isothermally held at bainitic temperature; not classic IA but real RA stability data.,True,grajcar_2018_ra_stability|3.1|0.17|1.6|0.22|500.0|300.0|0.098|xrd
grajcar_2018_ra_stability,2018.0,10.3390/app8112156,https://www.mdpi.com/2076-3417/8/11/2156,open_access_mdpi,transfer_real_ra_stability.csv,transfer_real_bainitic_hold,transfer_or_secondary,4.7,0.16,1.6,0.2,,,,0.2,0.0,,450.0,60.0,0.078,7.8,XRD,table,850-450,Table 3,5Mn steel continuously cooled to bainitic hold; transfer/adjacent RA stability data.,True,grajcar_2018_ra_stability|4.7|0.16|1.6|0.2|450.0|60.0|0.078|xrd
grajcar_2018_ra_stability,2018.0,10.3390/app8112156,https://www.mdpi.com/2076-3417/8/11/2156,open_access_mdpi,transfer_real_ra_stability.csv,transfer_real_bainitic_hold,transfer_or_secondary,4.7,0.16,1.6,0.2,,,,0.2,0.0,,450.0,300.0,0.109,10.9,XRD,table,850-450,Table 3,5Mn steel continuously cooled to bainitic hold; transfer/adjacent RA stability data.,True,grajcar_2018_ra_stability|4.7|0.16|1.6|0.2|450.0|300.0|0.109|xrd
grajcar_2018_ra_stability,2018.0,10.3390/app8112156,https://www.mdpi.com/2076-3417/8/11/2156,open_access_mdpi,transfer_real_ra_stability.csv,transfer_real_bainitic_hold,transfer_or_secondary,4.7,0.16,1.6,0.2,,,,0.2,0.0,,450.0,600.0,0.081,8.1,XRD,table,850-450,Table 3,5Mn steel continuously cooled to bainitic hold; transfer/adjacent RA stability data.,True,grajcar_2018_ra_stability|4.7|0.16|1.6|0.2|450.0|600.0|0.081|xrd
grajcar_2018_ra_stability,2018.0,10.3390/app8112156,https://www.mdpi.com/2076-3417/8/11/2156,open_access_mdpi,transfer_real_ra_stability.csv,transfer_real_bainitic_hold,transfer_or_secondary,4.7,0.16,1.6,0.2,,,,0.2,0.0,,450.0,1800.0,0.07,7.0,XRD,table,850-450,Table 3,5Mn steel continuously cooled to bainitic hold; transfer/adjacent RA stability data.,True,grajcar_2018_ra_stability|4.7|0.16|1.6|0.2|450.0|1800.0|0.07|xrd
grajcar_2018_ra_stability,2018.0,10.3390/app8112156,https://www.mdpi.com/2076-3417/8/11/2156,open_access_mdpi,transfer_real_ra_stability.csv,transfer_real_bainitic_hold,transfer_or_secondary,4.7,0.16,1.6,0.2,,,,0.2,0.0,,400.0,300.0,0.098,9.8,XRD,table,850-400,Table 3,5Mn steel continuously cooled to bainitic hold; transfer/adjacent RA stability data.,True,grajcar_2018_ra_stability|4.7|0.16|1.6|0.2|400.0|300.0|0.098|xrd
grajcar_2018_ra_stability,2018.0,10.3390/app8112156,https://www.mdpi.com/2076-3417/8/11/2156,open_access_mdpi,transfer_real_ra_stability.csv,transfer_real_bainitic_hold,transfer_or_secondary,4.7,0.16,1.6,0.2,,,,0.2,0.0,,350.0,300.0,0.095,9.5,XRD,table,850-350,Table 3,5Mn steel continuously cooled to bainitic hold; transfer/adjacent RA stability data.,True,grajcar_2018_ra_stability|4.7|0.16|1.6|0.2|350.0|300.0|0.095|xrd
grajcar_2018_ra_stability,2018.0,10.3390/app8112156,https://www.mdpi.com/2076-3417/8/11/2156,open_access_mdpi,transfer_real_ra_stability.csv,transfer_real_bainitic_hold,transfer_or_secondary,4.7,0.16,1.6,0.2,,,,0.2,0.0,,500.0,300.0,0.082,8.2,XRD,table,850-500,Table 3,5Mn steel continuously cooled to bainitic hold; transfer/adjacent RA stability data.,True,grajcar_2018_ra_stability|4.7|0.16|1.6|0.2|500.0|300.0|0.082|xrd
grajcar_2018_ra_stability,2018.0,10.3390/app8112156,https://www.mdpi.com/2076-3417/8/11/2156,open_access_mdpi,transfer_real_ra_stability.csv,transfer_real_bainitic_hold,transfer_or_secondary,5.0,0.17,1.5,0.21,,,,0.2,0.03,,450.0,60.0,0.071,7.1,XRD,table,850-450,Table 3,5MnNb steel continuously cooled to bainitic hold; transfer/adjacent RA stability data.,True,grajcar_2018_ra_stability|5.0|0.17|1.5|0.21|450.0|60.0|0.071|xrd
grajcar_2018_ra_stability,2018.0,10.3390/app8112156,https://www.mdpi.com/2076-3417/8/11/2156,open_access_mdpi,transfer_real_ra_stability.csv,transfer_real_bainitic_hold,transfer_or_secondary,5.0,0.17,1.5,0.21,,,,0.2,0.03,,450.0,300.0,0.11,11.0,XRD,table,850-450,Table 3,5MnNb steel continuously cooled to bainitic hold; transfer/adjacent RA stability data.,True,grajcar_2018_ra_stability|5.0|0.17|1.5|0.21|450.0|300.0|0.11|xrd
grajcar_2018_ra_stability,2018.0,10.3390/app8112156,https://www.mdpi.com/2076-3417/8/11/2156,open_access_mdpi,transfer_real_ra_stability.csv,transfer_real_bainitic_hold,transfer_or_secondary,5.0,0.17,1.5,0.21,,,,0.2,0.03,,450.0,600.0,0.08,8.0,XRD,table,850-450,Table 3,5MnNb steel continuously cooled to bainitic hold; transfer/adjacent RA stability data.,True,grajcar_2018_ra_stability|5.0|0.17|1.5|0.21|450.0|600.0|0.08|xrd
grajcar_2018_ra_stability,2018.0,10.3390/app8112156,https://www.mdpi.com/2076-3417/8/11/2156,open_access_mdpi,transfer_real_ra_stability.csv,transfer_real_bainitic_hold,transfer_or_secondary,5.0,0.17,1.5,0.21,,,,0.2,0.03,,450.0,1800.0,0.068,6.8,XRD,table,850-450,Table 3,5MnNb steel continuously cooled to bainitic hold; transfer/adjacent RA stability data.,True,grajcar_2018_ra_stability|5.0|0.17|1.5|0.21|450.0|1800.0|0.068|xrd
grajcar_2018_ra_stability,2018.0,10.3390/app8112156,https://www.mdpi.com/2076-3417/8/11/2156,open_access_mdpi,transfer_real_ra_stability.csv,transfer_real_bainitic_hold,transfer_or_secondary,5.0,0.17,1.5,0.21,,,,0.2,0.03,,400.0,300.0,0.134,13.4,XRD,table,850-400,Table 3,5MnNb steel continuously cooled to bainitic hold; transfer/adjacent RA stability data.,True,grajcar_2018_ra_stability|5.0|0.17|1.5|0.21|400.0|300.0|0.134|xrd
grajcar_2018_ra_stability,2018.0,10.3390/app8112156,https://www.mdpi.com/2076-3417/8/11/2156,open_access_mdpi,transfer_real_ra_stability.csv,transfer_real_bainitic_hold,transfer_or_secondary,5.0,0.17,1.5,0.21,,,,0.2,0.03,,350.0,300.0,0.122,12.2,XRD,table,850-350,Table 3,5MnNb steel continuously cooled to bainitic hold; transfer/adjacent RA stability data.,True,grajcar_2018_ra_stability|5.0|0.17|1.5|0.21|350.0|300.0|0.122|xrd
grajcar_2018_ra_stability,2018.0,10.3390/app8112156,https://www.mdpi.com/2076-3417/8/11/2156,open_access_mdpi,transfer_real_ra_stability.csv,transfer_real_bainitic_hold,transfer_or_secondary,5.0,0.17,1.5,0.21,,,,0.2,0.03,,500.0,300.0,0.095,9.5,XRD,table,850-500,Table 3,5MnNb steel continuously cooled to bainitic hold; transfer/adjacent RA stability data.,True,grajcar_2018_ra_stability|5.0|0.17|1.5|0.21|500.0|300.0|0.095|xrd
grajcar_2019_mech_stability,2019.0,10.3390/ma12030501,https://www.mdpi.com/1996-1944/12/3/501,open_access_mdpi,transfer_real_ra_stability.csv,transfer_mechanical_stability,transfer_or_secondary,3.3,0.17,1.7,0.22,,,,0.23,0.0,,25.0,0.0,0.168,16.8,EBSD,table,TMP_initial,Table 3,Initial undeformed thermomechanically processed 3Mn-1.5Al steel; mechanical-stability transfer data not IA kinetics.,True,grajcar_2019_mech_stability|3.3|0.17|1.7|0.22|25.0|0.0|0.168|ebsd
grajcar_2019_mech_stability,2019.0,10.3390/ma12030501,https://www.mdpi.com/1996-1944/12/3/501,open_access_mdpi,transfer_real_ra_stability.csv,transfer_mechanical_stability,transfer_or_secondary,3.3,0.17,1.7,0.22,,,,0.23,0.0,,25.0,0.0,0.173,17.3,XRD,table,TMP_initial,Table 3,Initial undeformed thermomechanically processed 3Mn-1.5Al steel; XRD comparison row.,True,grajcar_2019_mech_stability|3.3|0.17|1.7|0.22|25.0|0.0|0.173|xrd
grajcar_2019_mech_stability,2019.0,10.3390/ma12030501,https://www.mdpi.com/1996-1944/12/3/501,open_access_mdpi,transfer_real_ra_stability.csv,transfer_mechanical_stability,transfer_or_secondary,3.3,0.17,1.7,0.22,,,,0.23,0.0,,25.0,0.0,0.083,8.3,EBSD,table,TMP_plus_5pct_strain,Table 3,After 5 percent tensile strain; transfer data for strain-induced RA transformation.,True,grajcar_2019_mech_stability|3.3|0.17|1.7|0.22|25.0|0.0|0.083|ebsd
grajcar_2019_mech_stability,2019.0,10.3390/ma12030501,https://www.mdpi.com/1996-1944/12/3/501,open_access_mdpi,transfer_real_ra_stability.csv,transfer_mechanical_stability,transfer_or_secondary,3.3,0.17,1.7,0.22,,,,0.23,0.0,,25.0,0.0,0.086,8.6,XRD,table,TMP_plus_5pct_strain,Table 3,After 5 percent tensile strain; transfer data for strain-induced RA transformation.,True,grajcar_2019_mech_stability|3.3|0.17|1.7|0.22|25.0|0.0|0.086|xrd
grajcar_2019_mech_stability,2019.0,10.3390/ma12030501,https://www.mdpi.com/1996-1944/12/3/501,open_access_mdpi,transfer_real_ra_stability.csv,transfer_mechanical_stability,transfer_or_secondary,3.3,0.17,1.7,0.22,,,,0.23,0.0,,25.0,0.0,0.057,5.7,EBSD,table,TMP_plus_10pct_strain,Table 3,After 10 percent tensile strain; transfer data for strain-induced RA transformation.,True,grajcar_2019_mech_stability|3.3|0.17|1.7|0.22|25.0|0.0|0.057|ebsd
grajcar_2019_mech_stability,2019.0,10.3390/ma12030501,https://www.mdpi.com/1996-1944/12/3/501,open_access_mdpi,transfer_real_ra_stability.csv,transfer_mechanical_stability,transfer_or_secondary,3.3,0.17,1.7,0.22,,,,0.23,0.0,,25.0,0.0,0.065,6.5,XRD,table,TMP_plus_10pct_strain,Table 3,After 10 percent tensile strain; transfer data for strain-induced RA transformation.,True,grajcar_2019_mech_stability|3.3|0.17|1.7|0.22|25.0|0.0|0.065|xrd
grajcar_2019_mech_stability,2019.0,10.3390/ma12030501,https://www.mdpi.com/1996-1944/12/3/501,open_access_mdpi,transfer_real_ra_stability.csv,transfer_mechanical_stability,transfer_or_secondary,3.3,0.17,1.7,0.22,,,,0.23,0.0,,25.0,0.0,0.048,4.8,EBSD,table,TMP_rupture_15pct_strain,Table 3,After rupture at about 15 percent strain; transfer data for strain-induced RA transformation.,True,grajcar_2019_mech_stability|3.3|0.17|1.7|0.22|25.0|0.0|0.048|ebsd
grajcar_2019_mech_stability,2019.0,10.3390/ma12030501,https://www.mdpi.com/1996-1944/12/3/501,open_access_mdpi,transfer_real_ra_stability.csv,transfer_mechanical_stability,transfer_or_secondary,3.3,0.17,1.7,0.22,,,,0.23,0.0,,25.0,0.0,0.054,5.4,XRD,table,TMP_rupture_15pct_strain,Table 3,After rupture at about 15 percent strain; transfer data for strain-induced RA transformation.,True,grajcar_2019_mech_stability|3.3|0.17|1.7|0.22|25.0|0.0|0.054|xrd
kantanen_2022_qp_art,2022.0,10.1016/j.msea.2022.143341,https://oulurepo.oulu.fi/bitstream/handle/10024/32456/nbnfi-fe2022061647131.pdf,open_repository_pdf,transfer_real_ra_stability.csv,transfer_qp_art,transfer_or_secondary,2.9,0.3,0.47,1.0,,,,0.2,0.0,,350.0,1000.0,0.1,10.0,XRD,table,QP_350C_1000s,Table 6,Steel A QP selected Gleeble sample; real RA data but QP/ART transfer not core IA kinetics.,True,kantanen_2022_qp_art|2.9|0.3|0.47|1.0|350.0|1000.0|0.1|xrd
kantanen_2022_qp_art,2022.0,10.1016/j.msea.2022.143341,https://oulurepo.oulu.fi/bitstream/handle/10024/32456/nbnfi-fe2022061647131.pdf,open_repository_pdf,transfer_real_ra_stability.csv,transfer_qp_art,transfer_or_secondary,2.9,0.3,0.47,1.0,,,,0.2,0.0,,350.0,1000.0,0.08,8.0,EBSD,table,QP_350C_1000s,Table 6,Steel A QP selected Gleeble sample EBSD comparison.,True,kantanen_2022_qp_art|2.9|0.3|0.47|1.0|350.0|1000.0|0.08|ebsd
kantanen_2022_qp_art,2022.0,10.1016/j.msea.2022.143341,https://oulurepo.oulu.fi/bitstream/handle/10024/32456/nbnfi-fe2022061647131.pdf,open_repository_pdf,transfer_real_ra_stability.csv,transfer_qp_art,transfer_or_secondary,2.9,0.3,0.47,1.0,,,,0.2,0.0,,710.0,1000.0,0.22,22.0,XRD,table,ART_710C_1000s,Table 6,Steel A ART selected Gleeble sample; real ART retained-austenite data.,True,kantanen_2022_qp_art|2.9|0.3|0.47|1.0|710.0|1000.0|0.22|xrd
kantanen_2022_qp_art,2022.0,10.1016/j.msea.2022.143341,https://oulurepo.oulu.fi/bitstream/handle/10024/32456/nbnfi-fe2022061647131.pdf,open_repository_pdf,transfer_real_ra_stability.csv,transfer_qp_art,transfer_or_secondary,2.9,0.3,0.47,1.0,,,,0.2,0.0,,710.0,1000.0,0.11,11.0,EBSD,table,ART_710C_1000s,Table 6,Steel A ART selected Gleeble sample EBSD comparison.,True,kantanen_2022_qp_art|2.9|0.3|0.47|1.0|710.0|1000.0|0.11|ebsd
kantanen_2022_qp_art,2022.0,10.1016/j.msea.2022.143341,https://oulurepo.oulu.fi/bitstream/handle/10024/32456/nbnfi-fe2022061647131.pdf,open_repository_pdf,transfer_real_ra_stability.csv,transfer_qp_art,transfer_or_secondary,3.9,0.31,0.42,1.0,,,,0.21,0.0,,350.0,1000.0,0.2,20.0,XRD,table,QP_350C_1000s,Table 6,Steel B QP selected Gleeble sample.,True,kantanen_2022_qp_art|3.9|0.31|0.42|1.0|350.0|1000.0|0.2|xrd
kantanen_2022_qp_art,2022.0,10.1016/j.msea.2022.143341,https://oulurepo.oulu.fi/bitstream/handle/10024/32456/nbnfi-fe2022061647131.pdf,open_repository_pdf,transfer_real_ra_stability.csv,transfer_qp_art,transfer_or_secondary,3.9,0.31,0.42,1.0,,,,0.21,0.0,,350.0,1000.0,0.21,21.0,EBSD,table,QP_350C_1000s,Table 6,Steel B QP selected Gleeble sample EBSD comparison.,True,kantanen_2022_qp_art|3.9|0.31|0.42|1.0|350.0|1000.0|0.21|ebsd
kantanen_2022_qp_art,2022.0,10.1016/j.msea.2022.143341,https://oulurepo.oulu.fi/bitstream/handle/10024/32456/nbnfi-fe2022061647131.pdf,open_repository_pdf,transfer_real_ra_stability.csv,transfer_qp_art,transfer_or_secondary,3.9,0.31,0.42,1.0,,,,0.21,0.0,,660.0,5000.0,0.49,49.0,XRD,table,ART_660C_5000s,Table 6,Steel B ART selected Gleeble sample.,True,kantanen_2022_qp_art|3.9|0.31|0.42|1.0|660.0|5000.0|0.49|xrd
kantanen_2022_qp_art,2022.0,10.1016/j.msea.2022.143341,https://oulurepo.oulu.fi/bitstream/handle/10024/32456/nbnfi-fe2022061647131.pdf,open_repository_pdf,transfer_real_ra_stability.csv,transfer_qp_art,transfer_or_secondary,3.9,0.31,0.42,1.0,,,,0.21,0.0,,660.0,5000.0,0.38,38.0,EBSD,table,ART_660C_5000s,Table 6,Steel B ART selected Gleeble sample EBSD comparison.,True,kantanen_2022_qp_art|3.9|0.31|0.42|1.0|660.0|5000.0|0.38|ebsd
kantanen_2022_qp_art,2022.0,10.1016/j.msea.2022.143341,https://oulurepo.oulu.fi/bitstream/handle/10024/32456/nbnfi-fe2022061647131.pdf,open_repository_pdf,transfer_real_ra_stability.csv,transfer_qp_art,transfer_or_secondary,2.7,0.32,0.54,1.0,,,,0.41,0.2,,350.0,1000.0,0.17,17.0,XRD,table,QP_350C_1000s,Table 6,Steel C QP selected Gleeble sample.,True,kantanen_2022_qp_art|2.7|0.32|0.54|1.0|350.0|1000.0|0.17|xrd
kantanen_2022_qp_art,2022.0,10.1016/j.msea.2022.143341,https://oulurepo.oulu.fi/bitstream/handle/10024/32456/nbnfi-fe2022061647131.pdf,open_repository_pdf,transfer_real_ra_stability.csv,transfer_qp_art,transfer_or_secondary,2.7,0.32,0.54,1.0,,,,0.41,0.2,,350.0,1000.0,0.11,11.0,EBSD,table,QP_350C_1000s,Table 6,Steel C QP selected Gleeble sample EBSD comparison.,True,kantanen_2022_qp_art|2.7|0.32|0.54|1.0|350.0|1000.0|0.11|ebsd
kantanen_2022_qp_art,2022.0,10.1016/j.msea.2022.143341,https://oulurepo.oulu.fi/bitstream/handle/10024/32456/nbnfi-fe2022061647131.pdf,open_repository_pdf,transfer_real_ra_stability.csv,transfer_qp_art,transfer_or_secondary,2.7,0.32,0.54,1.0,,,,0.41,0.2,,710.0,5000.0,0.24,24.0,XRD,table,ART_710C_5000s,Table 6,Steel C ART selected Gleeble sample.,True,kantanen_2022_qp_art|2.7|0.32|0.54|1.0|710.0|5000.0|0.24|xrd
kantanen_2022_qp_art,2022.0,10.1016/j.msea.2022.143341,https://oulurepo.oulu.fi/bitstream/handle/10024/32456/nbnfi-fe2022061647131.pdf,open_repository_pdf,transfer_real_ra_stability.csv,transfer_qp_art,transfer_or_secondary,2.7,0.32,0.54,1.0,,,,0.41,0.2,,710.0,5000.0,0.05,5.0,EBSD,table,ART_710C_5000s,Table 6,Steel C ART selected Gleeble sample EBSD comparison.,True,kantanen_2022_qp_art|2.7|0.32|0.54|1.0|710.0|5000.0|0.05|ebsd
kantanen_2022_qp_art,2022.0,10.1016/j.msea.2022.143341,https://oulurepo.oulu.fi/bitstream/handle/10024/32456/nbnfi-fe2022061647131.pdf,open_repository_pdf,transfer_real_ra_stability.csv,transfer_qp_art,transfer_or_secondary,2.9,0.3,0.47,1.0,,,,0.2,0.0,,400.0,1000.0,0.11,11.0,XRD,table,QP_400C_1000s,Table 7,Steel A QP Gleeble RA.,True,kantanen_2022_qp_art|2.9|0.3|0.47|1.0|400.0|1000.0|0.11|xrd
kantanen_2022_qp_art,2022.0,10.1016/j.msea.2022.143341,https://oulurepo.oulu.fi/bitstream/handle/10024/32456/nbnfi-fe2022061647131.pdf,open_repository_pdf,transfer_real_ra_stability.csv,transfer_qp_art,transfer_or_secondary,2.9,0.3,0.47,1.0,,,,0.2,0.0,,400.0,1000.0,0.06,6.0,XRD,table,QP_400C_1000s_hotrolled,Table 7,Steel A QP laboratory hot-rolled RA.,True,kantanen_2022_qp_art|2.9|0.3|0.47|1.0|400.0|1000.0|0.06|xrd
kantanen_2022_qp_art,2022.0,10.1016/j.msea.2022.143341,https://oulurepo.oulu.fi/bitstream/handle/10024/32456/nbnfi-fe2022061647131.pdf,open_repository_pdf,transfer_real_ra_stability.csv,transfer_qp_art,transfer_or_secondary,3.9,0.31,0.42,1.0,,,,0.21,0.0,,350.0,1000.0,0.16,16.0,XRD,table,QP_350C_1000s_hotrolled,Table 7,Steel B QP laboratory hot-rolled RA.,True,kantanen_2022_qp_art|3.9|0.31|0.42|1.0|350.0|1000.0|0.16|xrd
kantanen_2022_qp_art,2022.0,10.1016/j.msea.2022.143341,https://oulurepo.oulu.fi/bitstream/handle/10024/32456/nbnfi-fe2022061647131.pdf,open_repository_pdf,transfer_real_ra_stability.csv,transfer_qp_art,transfer_or_secondary,2.7,0.32,0.54,1.0,,,,0.41,0.2,,400.0,1000.0,0.17,17.0,XRD,table,QP_400C_1000s,Table 7,Steel C QP Gleeble RA.,True,kantanen_2022_qp_art|2.7|0.32|0.54|1.0|400.0|1000.0|0.17|xrd
kantanen_2022_qp_art,2022.0,10.1016/j.msea.2022.143341,https://oulurepo.oulu.fi/bitstream/handle/10024/32456/nbnfi-fe2022061647131.pdf,open_repository_pdf,transfer_real_ra_stability.csv,transfer_qp_art,transfer_or_secondary,2.7,0.32,0.54,1.0,,,,0.41,0.2,,400.0,1000.0,0.15,15.0,XRD,table,QP_400C_1000s_hotrolled,Table 7,Steel C QP laboratory hot-rolled RA.,True,kantanen_2022_qp_art|2.7|0.32|0.54|1.0|400.0|1000.0|0.15|xrd
kantanen_2022_qp_art,2022.0,10.1016/j.msea.2022.143341,https://oulurepo.oulu.fi/bitstream/handle/10024/32456/nbnfi-fe2022061647131.pdf,open_repository_pdf,transfer_real_ra_stability.csv,transfer_qp_art,transfer_or_secondary,2.9,0.3,0.47,1.0,,,,0.2,0.0,,710.0,1000.0,0.33,33.0,XRD,table,ART_710C_1000s_hotrolled,Table 7,Steel A ART laboratory hot-rolled RA.,True,kantanen_2022_qp_art|2.9|0.3|0.47|1.0|710.0|1000.0|0.33|xrd
kantanen_2022_qp_art,2022.0,10.1016/j.msea.2022.143341,https://oulurepo.oulu.fi/bitstream/handle/10024/32456/nbnfi-fe2022061647131.pdf,open_repository_pdf,transfer_real_ra_stability.csv,transfer_qp_art,transfer_or_secondary,3.9,0.31,0.42,1.0,,,,0.21,0.0,,630.0,1000.0,0.25,25.0,XRD,table,ART_630C_1000s,Table 7,Steel B ART Gleeble RA.,True,kantanen_2022_qp_art|3.9|0.31|0.42|1.0|630.0|1000.0|0.25|xrd
kantanen_2022_qp_art,2022.0,10.1016/j.msea.2022.143341,https://oulurepo.oulu.fi/bitstream/handle/10024/32456/nbnfi-fe2022061647131.pdf,open_repository_pdf,transfer_real_ra_stability.csv,transfer_qp_art,transfer_or_secondary,3.9,0.31,0.42,1.0,,,,0.21,0.0,,630.0,1000.0,0.11,11.0,XRD,table,ART_630C_1000s_hotrolled,Table 7,Steel B ART laboratory hot-rolled RA.,True,kantanen_2022_qp_art|3.9|0.31|0.42|1.0|630.0|1000.0|0.11|xrd
kantanen_2022_qp_art,2022.0,10.1016/j.msea.2022.143341,https://oulurepo.oulu.fi/bitstream/handle/10024/32456/nbnfi-fe2022061647131.pdf,open_repository_pdf,transfer_real_ra_stability.csv,transfer_qp_art,transfer_or_secondary,2.7,0.32,0.54,1.0,,,,0.41,0.2,,710.0,5000.0,0.28,28.0,XRD,table,ART_710C_5000s_hotrolled,Table 7,Steel C ART laboratory hot-rolled RA.,True,kantanen_2022_qp_art|2.7|0.32|0.54|1.0|710.0|5000.0|0.28|xrd
yu_2023_stripcast_qp,2023.0,10.3390/met13101772,https://www.mdpi.com/2075-4701/13/10/1772,open_access_mdpi,transfer_real_ra_stability.csv,transfer_qp,transfer_or_secondary,4.0,0.3,1.82,0.6,,,,0.0,0.0,,400.0,300.0,0.154,15.4,XRD,text_reported,QP_TQ140_TP400_300s,Abstract and Conclusion,Fe-0.3C-4Mn-1.82Al-0.6Si strip-cast QP steel; text reports RA 15.4 pct at quenching temperature 140C after partitioning.,True,yu_2023_stripcast_qp|4.0|0.3|1.82|0.6|400.0|300.0|0.154|xrd
yu_2023_stripcast_qp,2023.0,10.3390/met13101772,https://www.mdpi.com/2075-4701/13/10/1772,open_access_mdpi,transfer_real_ra_stability.csv,transfer_qp,transfer_or_secondary,4.0,0.3,1.82,0.6,,,,0.0,0.0,,400.0,300.0,0.265,26.5,XRD,text_reported,QP_TQ220_TP400_300s,Results section,Fe-0.3C-4Mn-1.82Al-0.6Si strip-cast QP steel; text reports Q220 steel had RA fraction 26.5 pct.,True,yu_2023_stripcast_qp|4.0|0.3|1.82|0.6|400.0|300.0|0.265|xrd
yu_2023_stripcast_qp,2023.0,10.3390/met13101772,https://www.mdpi.com/2075-4701/13/10/1772,open_access_mdpi,transfer_real_ra_stability.csv,transfer_qp,transfer_or_secondary,4.0,0.3,1.82,0.6,,,,0.0,0.0,,400.0,300.0,0.318,31.8,XRD,text_reported,QP_TQ260_TP400_300s,Abstract and Conclusion,Fe-0.3C-4Mn-1.82Al-0.6Si strip-cast QP steel; text reports RA peak 31.8 pct at quenching temperature 260C after partitioning.,True,yu_2023_stripcast_qp|4.0|0.3|1.82|0.6|400.0|300.0|0.318|xrd
yu_2023_stripcast_qp,2023.0,10.3390/met13101772,https://www.mdpi.com/2075-4701/13/10/1772,open_access_mdpi,transfer_real_ra_stability.csv,transfer_qp,transfer_or_secondary,4.0,0.3,1.82,0.6,,,,0.0,0.0,,400.0,300.0,0.166,16.6,XRD,text_reported,QP_TQ300_TP400_300s,Abstract and Conclusion,Fe-0.3C-4Mn-1.82Al-0.6Si strip-cast QP steel; text reports RA decreases to 16.6 pct at quenching temperature 300C after partitioning.,True,yu_2023_stripcast_qp|4.0|0.3|1.82|0.6|400.0|300.0|0.166|xrd
kozlowska_2025_qp_plate,2025.0,10.1007/s10853-025-11218-5,https://link.springer.com/article/10.1007/s10853-025-11218-5,open_access_springer,transfer_real_ra_stability.csv,transfer_qp,transfer_or_secondary,5.0,0.17,0.76,0.88,,,,0.22,0.06,,420.0,300.0,0.178,17.8,XRD,text_reported,QP_TQ240_TP420_300s,Abstract and Conclusions,0.17C-5Mn-0.88Si-0.76Al-0.22Mo-0.06Nb QP plate steel; highest retained austenite content reported for quench 240C and partition 420C 300s.,True,kozlowska_2025_qp_plate|5.0|0.17|0.76|0.88|420.0|300.0|0.178|xrd
grajcar_2014_tmr,2014.0,10.2478/amm-2014-0286,http://journals.pan.pl/Content/89360/PDF/10172%20Volume%2059%20Issue%204-70%20paper.pdf.pdf,open_access_pdf,transfer_real_ra_stability.csv,transfer_tmr,transfer_or_secondary,3.3,0.17,1.7,0.22,,,,0.23,0.0,,400.0,300.0,0.177,17.7,XRD,table,TMR_cooling_with_400C_hold,Table 2,TMR medium-Mn steel after controlled cooling with 400C hold; retained austenite amount by XRD.,True,grajcar_2014_tmr|3.3|0.17|1.7|0.22|400.0|300.0|0.177|xrd
grajcar_2014_tmr,2014.0,10.2478/amm-2014-0286,http://journals.pan.pl/Content/89360/PDF/10172%20Volume%2059%20Issue%204-70%20paper.pdf.pdf,open_access_pdf,transfer_real_ra_stability.csv,transfer_tmr,transfer_or_secondary,3.3,0.17,1.7,0.22,,,,0.23,0.0,,400.0,300.0,0.165,16.5,EBSD,table,TMR_cooling_with_400C_hold,Table 2,TMR medium-Mn steel after controlled cooling with 400C hold; retained austenite amount by EBSD.,True,grajcar_2014_tmr|3.3|0.17|1.7|0.22|400.0|300.0|0.165|ebsd
grajcar_2014_tmr,2014.0,10.2478/amm-2014-0286,http://journals.pan.pl/Content/89360/PDF/10172%20Volume%2059%20Issue%204-70%20paper.pdf.pdf,open_access_pdf,transfer_real_ra_stability.csv,transfer_tmr,transfer_or_secondary,3.1,0.17,1.6,0.22,,,,0.22,0.04,,400.0,300.0,0.155,15.5,XRD,table,TMR_cooling_with_400C_hold,Table 2,TMR medium-Mn steel after controlled cooling with 400C hold; retained austenite amount by XRD.,True,grajcar_2014_tmr|3.1|0.17|1.6|0.22|400.0|300.0|0.155|xrd
grajcar_2014_tmr,2014.0,10.2478/amm-2014-0286,http://journals.pan.pl/Content/89360/PDF/10172%20Volume%2059%20Issue%204-70%20paper.pdf.pdf,open_access_pdf,transfer_real_ra_stability.csv,transfer_tmr,transfer_or_secondary,3.1,0.17,1.6,0.22,,,,0.22,0.04,,400.0,300.0,0.14,14.0,EBSD,table,TMR_cooling_with_400C_hold,Table 2,TMR medium-Mn steel after controlled cooling with 400C hold; retained austenite amount by EBSD.,True,grajcar_2014_tmr|3.1|0.17|1.6|0.22|400.0|300.0|0.14|ebsd
grajcar_2014_tmr,2014.0,10.2478/amm-2014-0286,http://journals.pan.pl/Content/89360/PDF/10172%20Volume%2059%20Issue%204-70%20paper.pdf.pdf,open_access_pdf,transfer_real_ra_stability.csv,transfer_tmr,transfer_or_secondary,4.7,0.16,1.6,0.2,,,,0.2,0.0,,400.0,0.0,0.096,9.6,XRD,table,TMR_direct_cool_to_400C,Table 2,TMR 5Mn steel directly cooled to 400C; retained austenite amount by XRD.,True,grajcar_2014_tmr|4.7|0.16|1.6|0.2|400.0|0.0|0.096|xrd
grajcar_2014_tmr,2014.0,10.2478/amm-2014-0286,http://journals.pan.pl/Content/89360/PDF/10172%20Volume%2059%20Issue%204-70%20paper.pdf.pdf,open_access_pdf,transfer_real_ra_stability.csv,transfer_tmr,transfer_or_secondary,4.7,0.16,1.6,0.2,,,,0.2,0.0,,400.0,0.0,0.081,8.1,EBSD,table,TMR_direct_cool_to_400C,Table 2,TMR 5Mn steel directly cooled to 400C; retained austenite amount by EBSD.,True,grajcar_2014_tmr|4.7|0.16|1.6|0.2|400.0|0.0|0.081|ebsd
grajcar_2014_tmr,2014.0,10.2478/amm-2014-0286,http://journals.pan.pl/Content/89360/PDF/10172%20Volume%2059%20Issue%204-70%20paper.pdf.pdf,open_access_pdf,transfer_real_ra_stability.csv,transfer_tmr,transfer_or_secondary,5.0,0.17,1.5,0.21,,,,0.2,0.03,,400.0,0.0,0.083,8.3,XRD,table,TMR_direct_cool_to_400C,Table 2,TMR 5MnNb steel directly cooled to 400C; retained austenite amount by XRD.,True,grajcar_2014_tmr|5.0|0.17|1.5|0.21|400.0|0.0|0.083|xrd
grajcar_2014_tmr,2014.0,10.2478/amm-2014-0286,http://journals.pan.pl/Content/89360/PDF/10172%20Volume%2059%20Issue%204-70%20paper.pdf.pdf,open_access_pdf,transfer_real_ra_stability.csv,transfer_tmr,transfer_or_secondary,5.0,0.17,1.5,0.21,,,,0.2,0.03,,400.0,0.0,0.074,7.4,EBSD,table,TMR_direct_cool_to_400C,Table 2,TMR 5MnNb steel directly cooled to 400C; retained austenite amount by EBSD.,True,grajcar_2014_tmr|5.0|0.17|1.5|0.21|400.0|0.0|0.074|ebsd
us20230295781_patent_trials,2023.0,US20230295781A1,https://patents.google.com/patent/US20230295781A1/en,open_patent_html,transfer_real_ra_stability.csv,transfer_real_patent_structured,transfer_or_secondary,8.0,0.051,1.03,0.039,,,,0.31,0.035,,550.0,900.0,0.34,34.0,patent_structured_microstructure_table,table_structured_patent,FRT900.0-CT450.0-HBA620.0x10.0h-CR50.0-T1725.0/200.0s-T2550.0/900.0s,US20230295781A1 Table 5 trial 1,Structured patent trial table extraction (US20230295781A1).,True,us20230295781_patent_trials|8.0|0.051|1.03|0.039|550.0|900.0|0.34|patent_structured_microstructure_table
us20230295781_patent_trials,2023.0,US20230295781A1,https://patents.google.com/patent/US20230295781A1/en,open_patent_html,transfer_real_ra_stability.csv,transfer_real_patent_structured,transfer_or_secondary,8.0,0.051,1.03,0.039,,,,0.31,0.035,,550.0,500.0,0.18,18.0,patent_structured_microstructure_table,table_structured_patent,FRT900.0-CT450.0-HBA620.0x10.0h-CR50.0-T1750.0/200.0s-T2550.0/500.0s,US20230295781A1 Table 5 trial 2,Structured patent trial table extraction (US20230295781A1).,True,us20230295781_patent_trials|8.0|0.051|1.03|0.039|550.0|500.0|0.18|patent_structured_microstructure_table
us20230295781_patent_trials,2023.0,US20230295781A1,https://patents.google.com/patent/US20230295781A1/en,open_patent_html,transfer_real_ra_stability.csv,transfer_real_patent_structured,transfer_or_secondary,8.0,0.051,1.03,0.039,,,,0.31,0.035,,550.0,900.0,0.32,32.0,patent_structured_microstructure_table,table_structured_patent,FRT900.0-CT450.0-HBA620.0x10.0h-CR50.0-T1750.0/200.0s-T2550.0/900.0s,US20230295781A1 Table 5 trial 3,Structured patent trial table extraction (US20230295781A1).,True,us20230295781_patent_trials|8.0|0.051|1.03|0.039|550.0|900.0|0.32|patent_structured_microstructure_table
us20230295781_patent_trials,2023.0,US20230295781A1,https://patents.google.com/patent/US20230295781A1/en,open_patent_html,transfer_real_ra_stability.csv,transfer_real_patent_structured,transfer_or_secondary,8.0,0.051,1.03,0.039,,,,0.31,0.035,,550.0,900.0,0.19,19.0,patent_structured_microstructure_table,table_structured_patent,FRT900.0-CT450.0-HBAnanxnanh-CR50.0-T1725.0/600.0s-T2550.0/900.0s,US20230295781A1 Table 5 trial 4,Structured patent trial table extraction (US20230295781A1).,True,us20230295781_patent_trials|8.0|0.051|1.03|0.039|550.0|900.0|0.19|patent_structured_microstructure_table
us20230295781_patent_trials,2023.0,US20230295781A1,https://patents.google.com/patent/US20230295781A1/en,open_patent_html,transfer_real_ra_stability.csv,transfer_real_patent_structured,transfer_or_secondary,8.0,0.051,1.03,0.039,,,,0.31,0.035,,520.0,900.0,0.16,16.0,patent_structured_microstructure_table,table_structured_patent,FRT900.0-CT450.0-HBAnanxnanh-CR50.0-T1725.0/600.0s-T2520.0/900.0s,US20230295781A1 Table 5 trial 5,Structured patent trial table extraction (US20230295781A1).,True,us20230295781_patent_trials|8.0|0.051|1.03|0.039|520.0|900.0|0.16|patent_structured_microstructure_table
us20230295781_patent_trials,2023.0,US20230295781A1,https://patents.google.com/patent/US20230295781A1/en,open_patent_html,transfer_real_ra_stability.csv,transfer_real_patent_structured,transfer_or_secondary,8.0,0.051,1.03,0.039,,,,0.31,0.035,,550.0,900.0,0.18,18.0,patent_structured_microstructure_table,table_structured_patent,FRT900.0-CT450.0-HBAnanxnanh-CR50.0-T1750.0/350.0s-T2550.0/900.0s,US20230295781A1 Table 5 trial 6,Structured patent trial table extraction (US20230295781A1).,True,us20230295781_patent_trials|8.0|0.051|1.03|0.039|550.0|900.0|0.18|patent_structured_microstructure_table
us20230295781_patent_trials,2023.0,US20230295781A1,https://patents.google.com/patent/US20230295781A1/en,open_patent_html,transfer_real_ra_stability.csv,transfer_real_patent_structured,transfer_or_secondary,9.97,0.065,2.14,0.045,,,,0.31,0.033,,550.0,900.0,0.5,50.0,patent_structured_microstructure_table,table_structured_patent,FRT900.0-CT450.0-HBA620.0x10.0h-CR50.0-T1725.0/200.0s-T2550.0/900.0s,US20230295781A1 Table 5 trial 7,Structured patent trial table extraction (US20230295781A1).,True,us20230295781_patent_trials|9.97|0.065|2.14|0.045|550.0|900.0|0.5|patent_structured_microstructure_table
us20230295781_patent_trials,2023.0,US20230295781A1,https://patents.google.com/patent/US20230295781A1/en,open_patent_html,transfer_real_ra_stability.csv,transfer_real_patent_structured,transfer_or_secondary,9.97,0.065,2.14,0.045,,,,0.31,0.033,,550.0,500.0,0.45,45.0,patent_structured_microstructure_table,table_structured_patent,FRT900.0-CT450.0-HBA620.0x10.0h-CR50.0-T1750.0/200.0s-T2550.0/500.0s,US20230295781A1 Table 5 trial 8,Structured patent trial table extraction (US20230295781A1).,True,us20230295781_patent_trials|9.97|0.065|2.14|0.045|550.0|500.0|0.45|patent_structured_microstructure_table
us20230295781_patent_trials,2023.0,US20230295781A1,https://patents.google.com/patent/US20230295781A1/en,open_patent_html,transfer_real_ra_stability.csv,transfer_real_patent_structured,transfer_or_secondary,9.97,0.065,2.14,0.045,,,,0.31,0.033,,550.0,900.0,0.59,59.0,patent_structured_microstructure_table,table_structured_patent,FRT900.0-CT450.0-HBA620.0x10.0h-CR50.0-T1750.0/200.0s-T2550.0/900.0s,US20230295781A1 Table 5 trial 9,Structured patent trial table extraction (US20230295781A1).,True,us20230295781_patent_trials|9.97|0.065|2.14|0.045|550.0|900.0|0.59|patent_structured_microstructure_table
us20230295781_patent_trials,2023.0,US20230295781A1,https://patents.google.com/patent/US20230295781A1/en,open_patent_html,transfer_real_ra_stability.csv,transfer_real_patent_structured,transfer_or_secondary,9.97,0.065,2.14,0.045,,,,0.31,0.033,,540.0,900.0,0.58,58.0,patent_structured_microstructure_table,table_structured_patent,FRT900.0-CT450.0-HBA620.0x10.0h-CR50.0-T1710.0/500.0s-T2540.0/900.0s,US20230295781A1 Table 5 trial 10,Structured patent trial table extraction (US20230295781A1).,True,us20230295781_patent_trials|9.97|0.065|2.14|0.045|540.0|900.0|0.58|patent_structured_microstructure_table
us20230295781_patent_trials,2023.0,US20230295781A1,https://patents.google.com/patent/US20230295781A1/en,open_patent_html,transfer_real_ra_stability.csv,transfer_real_patent_structured,transfer_or_secondary,9.97,0.065,2.14,0.045,,,,0.31,0.033,,520.0,900.0,0.58,58.0,patent_structured_microstructure_table,table_structured_patent,FRT900.0-CT450.0-HBA620.0x10.0h-CR50.0-T1725.0/200.0s-T2520.0/900.0s,US20230295781A1 Table 5 trial 11,Structured patent trial table extraction (US20230295781A1).,True,us20230295781_patent_trials|9.97|0.065|2.14|0.045|520.0|900.0|0.58|patent_structured_microstructure_table
us20230295781_patent_trials,2023.0,US20230295781A1,https://patents.google.com/patent/US20230295781A1/en,open_patent_html,transfer_real_ra_stability.csv,transfer_real_patent_structured,transfer_or_secondary,9.97,0.065,2.14,0.045,,,,0.31,0.033,,520.0,900.0,0.57,57.0,patent_structured_microstructure_table,table_structured_patent,FRT900.0-CT450.0-HBA620.0x10.0h-CR50.0-T1725.0/500.0s-T2520.0/900.0s,US20230295781A1 Table 5 trial 12,Structured patent trial table extraction (US20230295781A1).,True,us20230295781_patent_trials|9.97|0.065|2.14|0.045|520.0|900.0|0.57|patent_structured_microstructure_table
us20230295781_patent_trials,2023.0,US20230295781A1,https://patents.google.com/patent/US20230295781A1/en,open_patent_html,transfer_real_ra_stability.csv,transfer_real_patent_structured,transfer_or_secondary,9.97,0.065,2.14,0.045,,,,0.31,0.033,,500.0,900.0,0.52,52.0,patent_structured_microstructure_table,table_structured_patent,FRT900.0-CT450.0-HBA620.0x10.0h-CR50.0-T1725.0/500.0s-T2500.0/900.0s,US20230295781A1 Table 5 trial 13,Structured patent trial table extraction (US20230295781A1).,True,us20230295781_patent_trials|9.97|0.065|2.14|0.045|500.0|900.0|0.52|patent_structured_microstructure_table
us20230295781_patent_trials,2023.0,US20230295781A1,https://patents.google.com/patent/US20230295781A1/en,open_patent_html,transfer_real_ra_stability.csv,transfer_real_patent_structured,transfer_or_secondary,9.97,0.065,2.14,0.045,,,,0.31,0.033,,520.0,900.0,0.39,39.0,patent_structured_microstructure_table,table_structured_patent,FRT900.0-CT450.0-HBA620.0x10.0h-CR50.0-T1750.0/500.0s-T2520.0/900.0s,US20230295781A1 Table 5 trial 14,Structured patent trial table extraction (US20230295781A1).,True,us20230295781_patent_trials|9.97|0.065|2.14|0.045|520.0|900.0|0.39|patent_structured_microstructure_table
us20230295781_patent_trials,2023.0,US20230295781A1,https://patents.google.com/patent/US20230295781A1/en,open_patent_html,transfer_real_ra_stability.csv,transfer_real_patent_structured,transfer_or_secondary,7.92,0.068,0.9,0.0,,,,0.32,0.032,,550.0,250.0,0.4,40.0,patent_structured_microstructure_table,table_structured_patent,FRT900.0-CT450.0-HBA640.0x10.0h-CR50.0-T1720.0/100.0s-T2550.0/250.0s,US20230295781A1 Table 5 trial 15,Structured patent trial table extraction (US20230295781A1).,True,us20230295781_patent_trials|7.92|0.068|0.9|0.0|550.0|250.0|0.4|patent_structured_microstructure_table
us20230295781_patent_trials,2023.0,US20230295781A1,https://patents.google.com/patent/US20230295781A1/en,open_patent_html,transfer_real_ra_stability.csv,transfer_real_patent_structured,transfer_or_secondary,7.92,0.068,0.9,0.0,,,,0.32,0.032,,550.0,500.0,0.42,42.0,patent_structured_microstructure_table,table_structured_patent,FRT900.0-CT450.0-HBA640.0x10.0h-CR50.0-T1720.0/300.0s-T2550.0/500.0s,US20230295781A1 Table 5 trial 16,Structured patent trial table extraction (US20230295781A1).,True,us20230295781_patent_trials|7.92|0.068|0.9|0.0|550.0|500.0|0.42|patent_structured_microstructure_table
us20230295781_patent_trials,2023.0,US20230295781A1,https://patents.google.com/patent/US20230295781A1/en,open_patent_html,transfer_real_ra_stability.csv,transfer_real_patent_structured,transfer_or_secondary,7.92,0.068,0.9,0.0,,,,0.32,0.032,,550.0,900.0,0.45,45.0,patent_structured_microstructure_table,table_structured_patent,FRT900.0-CT450.0-HBA640.0x10.0h-CR50.0-T1720.0/300.0s-T2550.0/900.0s,US20230295781A1 Table 5 trial 17,Structured patent trial table extraction (US20230295781A1).,True,us20230295781_patent_trials|7.92|0.068|0.9|0.0|550.0|900.0|0.45|patent_structured_microstructure_table
us20230295781_patent_trials,2023.0,US20230295781A1,https://patents.google.com/patent/US20230295781A1/en,open_patent_html,transfer_real_ra_stability.csv,transfer_real_patent_structured,transfer_or_secondary,7.92,0.068,0.9,0.0,,,,0.32,0.032,,575.0,900.0,0.24,24.0,patent_structured_microstructure_table,table_structured_patent,FRT900.0-CT450.0-HBA640.0x10.0h-CR50.0-T1750.0/300.0s-T2575.0/900.0s,US20230295781A1 Table 5 trial 18,Structured patent trial table extraction (US20230295781A1).,True,us20230295781_patent_trials|7.92|0.068|0.9|0.0|575.0|900.0|0.24|patent_structured_microstructure_table
us20230295781_patent_trials,2023.0,US20230295781A1,https://patents.google.com/patent/US20230295781A1/en,open_patent_html,transfer_real_ra_stability.csv,transfer_real_patent_structured,transfer_or_secondary,7.92,0.068,0.9,0.0,,,,0.32,0.032,,590.0,900.0,0.31,31.0,patent_structured_microstructure_table,table_structured_patent,FRT900.0-CT450.0-HBA640.0x10.0h-CR50.0-T1750.0/300.0s-T2590.0/900.0s,US20230295781A1 Table 5 trial 19,Structured patent trial table extraction (US20230295781A1).,True,us20230295781_patent_trials|7.92|0.068|0.9|0.0|590.0|900.0|0.31|patent_structured_microstructure_table
us20230295781_patent_trials,2023.0,US20230295781A1,https://patents.google.com/patent/US20230295781A1/en,open_patent_html,transfer_real_ra_stability.csv,transfer_real_patent_structured,transfer_or_secondary,7.92,0.068,0.9,0.0,,,,0.32,0.032,,640.0,300.0,0.4,40.0,patent_structured_microstructure_table,table_structured_patent,FRT800.0-CT450.0-HBA640.0x10.0h-CR50.0-T1750.0/120.0s-T2640.0/300.0s,US20230295781A1 Table 5 trial 20,Structured patent trial table extraction (US20230295781A1).,True,us20230295781_patent_trials|7.92|0.068|0.9|0.0|640.0|300.0|0.4|patent_structured_microstructure_table
us20230295781_patent_trials,2023.0,US20230295781A1,https://patents.google.com/patent/US20230295781A1/en,open_patent_html,transfer_real_ra_stability.csv,transfer_real_patent_structured,transfer_or_secondary,7.92,0.068,0.9,0.0,,,,0.32,0.032,,640.0,300.0,0.41,41.0,patent_structured_microstructure_table,table_structured_patent,FRT800.0-CT450.0-HBA640.0x10.0h-CR50.0-T1780.0/120.0s-T2640.0/300.0s,US20230295781A1 Table 5 trial 21,Structured patent trial table extraction (US20230295781A1).,True,us20230295781_patent_trials|7.92|0.068|0.9|0.0|640.0|300.0|0.41|patent_structured_microstructure_table
us20230295781_patent_trials,2023.0,US20230295781A1,https://patents.google.com/patent/US20230295781A1/en,open_patent_html,transfer_real_ra_stability.csv,transfer_real_patent_structured,transfer_or_secondary,9.53,0.09,1.69,0.0,,,,0.32,0.031,,525.0,900.0,0.4,40.0,patent_structured_microstructure_table,table_structured_patent,FRT900.0-CT450.0-HBA640.0x10.0h-CR50.0-T1750.0/300.0s-T2525.0/900.0s,US20230295781A1 Table 5 trial 22,Structured patent trial table extraction (US20230295781A1).,True,us20230295781_patent_trials|9.53|0.09|1.69|0.0|525.0|900.0|0.4|patent_structured_microstructure_table
us20230295781_patent_trials,2023.0,US20230295781A1,https://patents.google.com/patent/US20230295781A1/en,open_patent_html,transfer_real_ra_stability.csv,transfer_real_patent_structured,transfer_or_secondary,9.53,0.09,1.69,0.0,,,,0.32,0.031,,575.0,900.0,0.5,50.0,patent_structured_microstructure_table,table_structured_patent,FRT900.0-CT450.0-HBA640.0x10.0h-CR50.0-T1770.0/100.0s-T2575.0/900.0s,US20230295781A1 Table 5 trial 23,Structured patent trial table extraction (US20230295781A1).,True,us20230295781_patent_trials|9.53|0.09|1.69|0.0|575.0|900.0|0.5|patent_structured_microstructure_table
us20230279528_patent_trials,2023.0,US20230279528A1,https://patents.google.com/patent/US20230279528A1/en,open_patent_html,transfer_real_ra_stability.csv,transfer_real_patent_structured,transfer_or_secondary,9.53,0.09,1.69,0.0,,,,0.32,0.031,,700.0,150.0,0.49,49.0,patent_structured_microstructure_table,table_structured_patent,FRT900.0-CT450.0-HBA640.0x10.0h-CR50.0-T1620.0/6.0h-T2700.0/150.0s,US20230279528A1 Table 5 trial 1,Structured patent trial table extraction (US20230279528A1).,True,us20230279528_patent_trials|9.53|0.09|1.69|0.0|700.0|150.0|0.49|patent_structured_microstructure_table
us20230279528_patent_trials,2023.0,US20230279528A1,https://patents.google.com/patent/US20230279528A1/en,open_patent_html,transfer_real_ra_stability.csv,transfer_real_patent_structured,transfer_or_secondary,9.53,0.09,1.69,0.0,,,,0.32,0.031,,700.0,150.0,0.38,38.0,patent_structured_microstructure_table,table_structured_patent,FRT900.0-CT450.0-HBA640.0x10.0h-CR50.0-T1560.0/6.0h-T2700.0/150.0s,US20230279528A1 Table 5 trial 3,Structured patent trial table extraction (US20230279528A1).,True,us20230279528_patent_trials|9.53|0.09|1.69|0.0|700.0|150.0|0.38|patent_structured_microstructure_table
us20230279528_patent_trials,2023.0,US20230279528A1,https://patents.google.com/patent/US20230279528A1/en,open_patent_html,transfer_real_ra_stability.csv,transfer_real_patent_structured,transfer_or_secondary,9.53,0.09,1.69,0.0,,,,0.32,0.031,,700.0,150.0,0.34,34.0,patent_structured_microstructure_table,table_structured_patent,FRT900.0-CT450.0-HBA640.0x10.0h-CR50.0-T1540.0/6.0h-T2700.0/150.0s,US20230279528A1 Table 5 trial 5,Structured patent trial table extraction (US20230279528A1).,True,us20230279528_patent_trials|9.53|0.09|1.69|0.0|700.0|150.0|0.34|patent_structured_microstructure_table
us20230279528_patent_trials,2023.0,US20230279528A1,https://patents.google.com/patent/US20230279528A1/en,open_patent_html,transfer_real_ra_stability.csv,transfer_real_patent_structured,transfer_or_secondary,9.53,0.09,1.69,0.0,,,,0.32,0.031,,700.0,300.0,0.37,37.0,patent_structured_microstructure_table,table_structured_patent,FRT900.0-CT450.0-HBA640.0x10.0h-CR50.0-T1540.0/6.0h-T2700.0/300.0s,US20230279528A1 Table 5 trial 6,Structured patent trial table extraction (US20230279528A1).,True,us20230279528_patent_trials|9.53|0.09|1.69|0.0|700.0|300.0|0.37|patent_structured_microstructure_table
us20230279528_patent_trials,2023.0,US20230279528A1,https://patents.google.com/patent/US20230279528A1/en,open_patent_html,transfer_real_ra_stability.csv,transfer_real_patent_structured,transfer_or_secondary,9.53,0.09,1.69,0.0,,,,0.32,0.031,,710.0,150.0,0.4,40.0,patent_structured_microstructure_table,table_structured_patent,FRT900.0-CT450.0-HBA640.0x10.0h-CR50.0-T1540.0/6.0h-T2710.0/150.0s,US20230279528A1 Table 5 trial 7,Structured patent trial table extraction (US20230279528A1).,True,us20230279528_patent_trials|9.53|0.09|1.69|0.0|710.0|150.0|0.4|patent_structured_microstructure_table
us20230279528_patent_trials,2023.0,US20230279528A1,https://patents.google.com/patent/US20230279528A1/en,open_patent_html,transfer_real_ra_stability.csv,transfer_real_patent_structured,transfer_or_secondary,9.53,0.09,1.69,0.0,,,,0.32,0.031,,720.0,150.0,0.48,48.0,patent_structured_microstructure_table,table_structured_patent,FRT900.0-CT450.0-HBA640.0x10.0h-CR50.0-T1540.0/6.0h-T2720.0/150.0s,US20230279528A1 Table 5 trial 8,Structured patent trial table extraction (US20230279528A1).,True,us20230279528_patent_trials|9.53|0.09|1.69|0.0|720.0|150.0|0.48|patent_structured_microstructure_table
us20230279528_patent_trials,2023.0,US20230279528A1,https://patents.google.com/patent/US20230279528A1/en,open_patent_html,transfer_real_ra_stability.csv,transfer_real_patent_structured,transfer_or_secondary,9.53,0.09,1.69,0.0,,,,0.32,0.031,,730.0,150.0,0.48,48.0,patent_structured_microstructure_table,table_structured_patent,FRT900.0-CT450.0-HBA640.0x10.0h-CR50.0-T1540.0/6.0h-T2730.0/150.0s,US20230279528A1 Table 5 trial 9,Structured patent trial table extraction (US20230279528A1).,True,us20230279528_patent_trials|9.53|0.09|1.69|0.0|730.0|150.0|0.48|patent_structured_microstructure_table
us20230279528_patent_trials,2023.0,US20230279528A1,https://patents.google.com/patent/US20230279528A1/en,open_patent_html,transfer_real_ra_stability.csv,transfer_real_patent_structured,transfer_or_secondary,7.72,0.152,0.94,0.02,,,,0.22,0.0,,670.0,120.0,0.38,38.0,patent_structured_microstructure_table,table_structured_patent,FRT800.0-CT450.0-HBA640.0x10.0h-CR50.0-T1630.0/6.0h-T2670.0/120.0s,US20230279528A1 Table 5 trial 10,Structured patent trial table extraction (US20230279528A1).,True,us20230279528_patent_trials|7.72|0.152|0.94|0.02|670.0|120.0|0.38|patent_structured_microstructure_table
us20230279528_patent_trials,2023.0,US20230279528A1,https://patents.google.com/patent/US20230279528A1/en,open_patent_html,transfer_real_ra_stability.csv,transfer_real_patent_structured,transfer_or_secondary,7.72,0.152,0.94,0.02,,,,0.22,0.0,,690.0,120.0,0.42,42.0,patent_structured_microstructure_table,table_structured_patent,FRT800.0-CT450.0-HBA640.0x10.0h-CR50.0-T1630.0/6.0h-T2690.0/120.0s,US20230279528A1 Table 5 trial 11,Structured patent trial table extraction (US20230279528A1).,True,us20230279528_patent_trials|7.72|0.152|0.94|0.02|690.0|120.0|0.42|patent_structured_microstructure_table
us20230279528_patent_trials,2023.0,US20230279528A1,https://patents.google.com/patent/US20230279528A1/en,open_patent_html,transfer_real_ra_stability.csv,transfer_real_patent_structured,transfer_or_secondary,7.72,0.152,0.94,0.02,,,,0.22,0.0,,710.0,120.0,0.46,46.0,patent_structured_microstructure_table,table_structured_patent,FRT800.0-CT450.0-HBA640.0x10.0h-CR50.0-T1630.0/6.0h-T2710.0/120.0s,US20230279528A1 Table 5 trial 12,Structured patent trial table extraction (US20230279528A1).,True,us20230279528_patent_trials|7.72|0.152|0.94|0.02|710.0|120.0|0.46|patent_structured_microstructure_table
us20230279528_patent_trials,2023.0,US20230279528A1,https://patents.google.com/patent/US20230279528A1/en,open_patent_html,transfer_real_ra_stability.csv,transfer_real_patent_structured,transfer_or_secondary,7.72,0.152,0.94,0.02,,,,0.22,0.0,,670.0,120.0,0.36,36.0,patent_structured_microstructure_table,table_structured_patent,FRT800.0-CT450.0-HBA640.0x10.0h-CR50.0-T1600.0/6.0h-T2670.0/120.0s,US20230279528A1 Table 5 trial 13,Structured patent trial table extraction (US20230279528A1).,True,us20230279528_patent_trials|7.72|0.152|0.94|0.02|670.0|120.0|0.36|patent_structured_microstructure_table
us20230279528_patent_trials,2023.0,US20230279528A1,https://patents.google.com/patent/US20230279528A1/en,open_patent_html,transfer_real_ra_stability.csv,transfer_real_patent_structured,transfer_or_secondary,7.72,0.152,0.94,0.02,,,,0.22,0.0,,690.0,120.0,0.44,44.0,patent_structured_microstructure_table,table_structured_patent,FRT800.0-CT450.0-HBA640.0x10.0h-CR50.0-T1600.0/6.0h-T2690.0/120.0s,US20230279528A1 Table 5 trial 14,Structured patent trial table extraction (US20230279528A1).,True,us20230279528_patent_trials|7.72|0.152|0.94|0.02|690.0|120.0|0.44|patent_structured_microstructure_table
us20230279528_patent_trials,2023.0,US20230279528A1,https://patents.google.com/patent/US20230279528A1/en,open_patent_html,transfer_real_ra_stability.csv,transfer_real_patent_structured,transfer_or_secondary,7.72,0.152,0.94,0.02,,,,0.22,0.0,,710.0,120.0,0.44,44.0,patent_structured_microstructure_table,table_structured_patent,FRT800.0-CT450.0-HBA640.0x10.0h-CR50.0-T1600.0/6.0h-T2710.0/120.0s,US20230279528A1 Table 5 trial 15,Structured patent trial table extraction (US20230279528A1).,True,us20230279528_patent_trials|7.72|0.152|0.94|0.02|710.0|120.0|0.44|patent_structured_microstructure_table
us20230279528_patent_trials,2023.0,US20230279528A1,https://patents.google.com/patent/US20230279528A1/en,open_patent_html,transfer_real_ra_stability.csv,transfer_real_patent_structured,transfer_or_secondary,7.72,0.152,0.94,0.02,,,,0.22,0.0,,710.0,120.0,0.55,55.0,patent_structured_microstructure_table,table_structured_patent,FRT850.0-CT450.0-HBA640.0x10.0h-CR50.0-T1nan/nanh-T2710.0/120.0s,US20230279528A1 Table 5 trial 16,Structured patent trial table extraction (US20230279528A1).,True,us20230279528_patent_trials|7.72|0.152|0.94|0.02|710.0|120.0|0.55|patent_structured_microstructure_table
us20230279528_patent_trials,2023.0,US20230279528A1,https://patents.google.com/patent/US20230279528A1/en,open_patent_html,transfer_real_ra_stability.csv,transfer_real_patent_structured,transfer_or_secondary,8.0,0.05,1.03,0.04,,,,0.31,0.035,,550.0,900.0,0.19,19.0,patent_structured_microstructure_table,table_structured_patent,FRT900.0-CT450.0-HBAnanxnanh-CR50.0-T1725.0/0.17h-T2550.0/900.0s,US20230279528A1 Table 5 trial 17,Structured patent trial table extraction (US20230279528A1).,True,us20230279528_patent_trials|8.0|0.05|1.03|0.04|550.0|900.0|0.19|patent_structured_microstructure_table
us20230279528_patent_trials,2023.0,US20230279528A1,https://patents.google.com/patent/US20230279528A1/en,open_patent_html,transfer_real_ra_stability.csv,transfer_real_patent_structured,transfer_or_secondary,8.0,0.05,1.03,0.04,,,,0.31,0.035,,520.0,900.0,0.16,16.0,patent_structured_microstructure_table,table_structured_patent,FRT900.0-CT450.0-HBAnanxnanh-CR50.0-T1725.0/0.17h-T2520.0/900.0s,US20230279528A1 Table 5 trial 18,Structured patent trial table extraction (US20230279528A1).,True,us20230279528_patent_trials|8.0|0.05|1.03|0.04|520.0|900.0|0.16|patent_structured_microstructure_table
us20230279528_patent_trials,2023.0,US20230279528A1,https://patents.google.com/patent/US20230279528A1/en,open_patent_html,transfer_real_ra_stability.csv,transfer_real_patent_structured,transfer_or_secondary,8.0,0.05,1.03,0.04,,,,0.31,0.035,,550.0,900.0,0.18,18.0,patent_structured_microstructure_table,table_structured_patent,FRT900.0-CT450.0-HBAnanxnanh-CR50.0-T1750.0/0.1h-T2550.0/900.0s,US20230279528A1 Table 5 trial 19,Structured patent trial table extraction (US20230279528A1).,True,us20230279528_patent_trials|8.0|0.05|1.03|0.04|550.0|900.0|0.18|patent_structured_microstructure_table
us20230272498_patent_trials,2023.0,US20230272498A1,https://patents.google.com/patent/US20230272498A1/en,open_patent_html,transfer_real_ra_stability.csv,transfer_real_patent_structured,transfer_or_secondary,7.9,0.07,0.9,,,,,0.32,0.032,,650.0,300.0,0.3,30.0,patent_structured_microstructure_table,table_structured_patent,FRT900.0-HBA640.0x10.0h-CR50.0-T1860.0/100.0s-T2650.0/300.0s,US20230272498A1 Table 5 trial 1,Structured patent trial table extraction (US20230272498A1).,True,us20230272498_patent_trials|7.9|0.07|0.9|nan|650.0|300.0|0.3|patent_structured_microstructure_table
us20230272498_patent_trials,2023.0,US20230272498A1,https://patents.google.com/patent/US20230272498A1/en,open_patent_html,transfer_real_ra_stability.csv,transfer_real_patent_structured,transfer_or_secondary,7.9,0.07,0.9,,,,,0.32,0.032,,690.0,100.0,0.32,32.0,patent_structured_microstructure_table,table_structured_patent,FRT900.0-HBA640.0x10.0h-CR50.0-T1860.0/100.0s-T2690.0/100.0s,US20230272498A1 Table 5 trial 2,Structured patent trial table extraction (US20230272498A1).,True,us20230272498_patent_trials|7.9|0.07|0.9|nan|690.0|100.0|0.32|patent_structured_microstructure_table
us20230272498_patent_trials,2023.0,US20230272498A1,https://patents.google.com/patent/US20230272498A1/en,open_patent_html,transfer_real_ra_stability.csv,transfer_real_patent_structured,transfer_or_secondary,7.9,0.07,0.9,,,,,0.32,0.032,,650.0,120.0,0.35,35.0,patent_structured_microstructure_table,table_structured_patent,FRT900.0-HBA640.0x10.0h-CR50.0-T1820.0/100.0s-T2650.0/120.0s,US20230272498A1 Table 5 trial 3,Structured patent trial table extraction (US20230272498A1).,True,us20230272498_patent_trials|7.9|0.07|0.9|nan|650.0|120.0|0.35|patent_structured_microstructure_table
us20230272498_patent_trials,2023.0,US20230272498A1,https://patents.google.com/patent/US20230272498A1/en,open_patent_html,transfer_real_ra_stability.csv,transfer_real_patent_structured,transfer_or_secondary,7.9,0.07,0.9,,,,,0.32,0.032,,650.0,600.0,0.3,30.0,patent_structured_microstructure_table,table_structured_patent,FRT900.0-HBAnanxnanh-CRnan-T1nan/nans-T2650.0/600.0s,US20230272498A1 Table 5 trial 4,Structured patent trial table extraction (US20230272498A1).,True,us20230272498_patent_trials|7.9|0.07|0.9|nan|650.0|600.0|0.3|patent_structured_microstructure_table
us20230272498_patent_trials,2023.0,US20230272498A1,https://patents.google.com/patent/US20230272498A1/en,open_patent_html,transfer_real_ra_stability.csv,transfer_real_patent_structured,transfer_or_secondary,7.9,0.07,0.9,,,,,0.32,0.032,,650.0,300.0,0.2,20.0,patent_structured_microstructure_table,table_structured_patent,FRT900.0-HBAnanxnanh-CRnan-T1860.0/120.0s-T2650.0/300.0s,US20230272498A1 Table 5 trial 5,Structured patent trial table extraction (US20230272498A1).,True,us20230272498_patent_trials|7.9|0.07|0.9|nan|650.0|300.0|0.2|patent_structured_microstructure_table
us20230272498_patent_trials,2023.0,US20230272498A1,https://patents.google.com/patent/US20230272498A1/en,open_patent_html,transfer_real_ra_stability.csv,transfer_real_patent_structured,transfer_or_secondary,9.5,0.09,1.69,,,,,0.33,0.031,,650.0,300.0,0.45,45.0,patent_structured_microstructure_table,table_structured_patent,FRT900.0-HBA640.0x10.0h-CR50.0-T1870.0/100.0s-T2650.0/300.0s,US20230272498A1 Table 5 trial 6,Structured patent trial table extraction (US20230272498A1).,True,us20230272498_patent_trials|9.5|0.09|1.69|nan|650.0|300.0|0.45|patent_structured_microstructure_table
us20230272498_patent_trials,2023.0,US20230272498A1,https://patents.google.com/patent/US20230272498A1/en,open_patent_html,transfer_real_ra_stability.csv,transfer_real_patent_structured,transfer_or_secondary,9.5,0.09,1.69,,,,,0.33,0.031,,670.0,250.0,0.46,46.0,patent_structured_microstructure_table,table_structured_patent,FRT900.0-HBA640.0x10.0h-CR50.0-T1870.0/100.0s-T2670.0/250.0s,US20230272498A1 Table 5 trial 7,Structured patent trial table extraction (US20230272498A1).,True,us20230272498_patent_trials|9.5|0.09|1.69|nan|670.0|250.0|0.46|patent_structured_microstructure_table
us20230272498_patent_trials,2023.0,US20230272498A1,https://patents.google.com/patent/US20230272498A1/en,open_patent_html,transfer_real_ra_stability.csv,transfer_real_patent_structured,transfer_or_secondary,9.5,0.09,1.69,,,,,0.33,0.031,,680.0,100.0,0.53,53.0,patent_structured_microstructure_table,table_structured_patent,FRT900.0-HBA640.0x10.0h-CR50.0-T1870.0/100.0s-T2680.0/100.0s,US20230272498A1 Table 5 trial 8,Structured patent trial table extraction (US20230272498A1).,True,us20230272498_patent_trials|9.5|0.09|1.69|nan|680.0|100.0|0.53|patent_structured_microstructure_table
us20230272498_patent_trials,2023.0,US20230272498A1,https://patents.google.com/patent/US20230272498A1/en,open_patent_html,transfer_real_ra_stability.csv,transfer_real_patent_structured,transfer_or_secondary,9.5,0.09,1.69,,,,,0.33,0.031,,700.0,100.0,0.55,55.0,patent_structured_microstructure_table,table_structured_patent,FRT900.0-HBA640.0x10.0h-CR50.0-T1870.0/100.0s-T2700.0/100.0s,US20230272498A1 Table 5 trial 9,Structured patent trial table extraction (US20230272498A1).,True,us20230272498_patent_trials|9.5|0.09|1.69|nan|700.0|100.0|0.55|patent_structured_microstructure_table
us20230272498_patent_trials,2023.0,US20230272498A1,https://patents.google.com/patent/US20230272498A1/en,open_patent_html,transfer_real_ra_stability.csv,transfer_real_patent_structured,transfer_or_secondary,9.5,0.09,1.69,,,,,0.33,0.031,,670.0,250.0,0.52,52.0,patent_structured_microstructure_table,table_structured_patent,FRT900.0-HBA620.0x30.0h-CR50.0-T1870.0/100.0s-T2670.0/250.0s,US20230272498A1 Table 5 trial 10,Structured patent trial table extraction (US20230272498A1).,True,us20230272498_patent_trials|9.5|0.09|1.69|nan|670.0|250.0|0.52|patent_structured_microstructure_table
us20230272498_patent_trials,2023.0,US20230272498A1,https://patents.google.com/patent/US20230272498A1/en,open_patent_html,transfer_real_ra_stability.csv,transfer_real_patent_structured,transfer_or_secondary,7.7,0.15,0.96,0.02,,,,0.22,,,640.0,120.0,0.22,22.0,patent_structured_microstructure_table,table_structured_patent,FRT850.0-HBA640.0x10.0h-CR50.0-T1860.0/120.0s-T2640.0/120.0s,US20230272498A1 Table 5 trial 12,Structured patent trial table extraction (US20230272498A1).,True,us20230272498_patent_trials|7.7|0.15|0.96|0.02|640.0|120.0|0.22|patent_structured_microstructure_table
us20230272498_patent_trials,2023.0,US20230272498A1,https://patents.google.com/patent/US20230272498A1/en,open_patent_html,transfer_real_ra_stability.csv,transfer_real_patent_structured,transfer_or_secondary,7.7,0.15,0.96,0.02,,,,0.22,,,660.0,120.0,0.3,30.0,patent_structured_microstructure_table,table_structured_patent,FRT850.0-HBA640.0x10.0h-CR50.0-T1860.0/120.0s-T2660.0/120.0s,US20230272498A1 Table 5 trial 13,Structured patent trial table extraction (US20230272498A1).,True,us20230272498_patent_trials|7.7|0.15|0.96|0.02|660.0|120.0|0.3|patent_structured_microstructure_table
us20230272498_patent_trials,2023.0,US20230272498A1,https://patents.google.com/patent/US20230272498A1/en,open_patent_html,transfer_real_ra_stability.csv,transfer_real_patent_structured,transfer_or_secondary,7.7,0.15,0.96,0.02,,,,0.22,,,670.0,120.0,0.35,35.0,patent_structured_microstructure_table,table_structured_patent,FRT850.0-HBA640.0x10.0h-CR50.0-T1860.0/120.0s-T2670.0/120.0s,US20230272498A1 Table 5 trial 14,Structured patent trial table extraction (US20230272498A1).,True,us20230272498_patent_trials|7.7|0.15|0.96|0.02|670.0|120.0|0.35|patent_structured_microstructure_table
us20230272498_patent_trials,2023.0,US20230272498A1,https://patents.google.com/patent/US20230272498A1/en,open_patent_html,transfer_real_ra_stability.csv,transfer_real_patent_structured,transfer_or_secondary,7.7,0.15,0.96,0.02,,,,0.22,,,680.0,120.0,0.4,40.0,patent_structured_microstructure_table,table_structured_patent,FRT850.0-HBA640.0x10.0h-CR50.0-T1860.0/120.0s-T2680.0/120.0s,US20230272498A1 Table 5 trial 15,Structured patent trial table extraction (US20230272498A1).,True,us20230272498_patent_trials|7.7|0.15|0.96|0.02|680.0|120.0|0.4|patent_structured_microstructure_table
us20230272498_patent_trials,2023.0,US20230272498A1,https://patents.google.com/patent/US20230272498A1/en,open_patent_html,transfer_real_ra_stability.csv,transfer_real_patent_structured,transfer_or_secondary,7.7,0.15,0.96,0.02,,,,0.22,,,700.0,120.0,0.5,50.0,patent_structured_microstructure_table,table_structured_patent,FRT850.0-HBA640.0x10.0h-CR50.0-T1860.0/120.0s-T2700.0/120.0s,US20230272498A1 Table 5 trial 16,Structured patent trial table extraction (US20230272498A1).,True,us20230272498_patent_trials|7.7|0.15|0.96|0.02|700.0|120.0|0.5|patent_structured_microstructure_table
us20230272498_patent_trials,2023.0,US20230272498A1,https://patents.google.com/patent/US20230272498A1/en,open_patent_html,transfer_real_ra_stability.csv,transfer_real_patent_structured,transfer_or_secondary,7.7,0.15,0.96,0.02,,,,0.22,,,660.0,120.0,0.38,38.0,patent_structured_microstructure_table,table_structured_patent,FRT850.0-HBA640.0x10.0h-CR50.0-T1820.0/120.0s-T2660.0/120.0s,US20230272498A1 Table 5 trial 17,Structured patent trial table extraction (US20230272498A1).,True,us20230272498_patent_trials|7.7|0.15|0.96|0.02|660.0|120.0|0.38|patent_structured_microstructure_table
us20230272498_patent_trials,2023.0,US20230272498A1,https://patents.google.com/patent/US20230272498A1/en,open_patent_html,transfer_real_ra_stability.csv,transfer_real_patent_structured,transfer_or_secondary,7.7,0.15,0.96,0.02,,,,0.22,,,670.0,120.0,0.4,40.0,patent_structured_microstructure_table,table_structured_patent,FRT850.0-HBA640.0x10.0h-CR50.0-T1820.0/120.0s-T2670.0/120.0s,US20230272498A1 Table 5 trial 18,Structured patent trial table extraction (US20230272498A1).,True,us20230272498_patent_trials|7.7|0.15|0.96|0.02|670.0|120.0|0.4|patent_structured_microstructure_table
us20230272498_patent_trials,2023.0,US20230272498A1,https://patents.google.com/patent/US20230272498A1/en,open_patent_html,transfer_real_ra_stability.csv,transfer_real_patent_structured,transfer_or_secondary,7.7,0.15,0.96,0.02,,,,0.22,,,680.0,120.0,0.43,43.0,patent_structured_microstructure_table,table_structured_patent,FRT850.0-HBA640.0x10.0h-CR50.0-T1820.0/120.0s-T2680.0/120.0s,US20230272498A1 Table 5 trial 19,Structured patent trial table extraction (US20230272498A1).,True,us20230272498_patent_trials|7.7|0.15|0.96|0.02|680.0|120.0|0.43|patent_structured_microstructure_table
us20230175104_patent_trials,2023.0,US20230175104A1,https://patents.google.com/patent/US20230175104A1/en,open_patent_html,transfer_real_ra_stability.csv,transfer_real_patent_structured,transfer_or_secondary,7.9,0.07,0.9,,,,,0.32,0.032,,670.0,250.0,0.36,36.0,patent_structured_microstructure_table,table_structured_patent,FRT800.0-HBA640.0x10.0h-Tsoak670.0/250.0s,US20230175104A1 Table 5 trial 1,Structured patent trial table extraction (US20230175104A1).,True,us20230175104_patent_trials|7.9|0.07|0.9|nan|670.0|250.0|0.36|patent_structured_microstructure_table
us20230175104_patent_trials,2023.0,US20230175104A1,https://patents.google.com/patent/US20230175104A1/en,open_patent_html,transfer_real_ra_stability.csv,transfer_real_patent_structured,transfer_or_secondary,7.9,0.07,0.9,,,,,0.32,0.032,,680.0,250.0,0.4,40.0,patent_structured_microstructure_table,table_structured_patent,FRT800.0-HBA630.0x40.0h-Tsoak680.0/250.0s,US20230175104A1 Table 5 trial 2,Structured patent trial table extraction (US20230175104A1).,True,us20230175104_patent_trials|7.9|0.07|0.9|nan|680.0|250.0|0.4|patent_structured_microstructure_table
us20230175104_patent_trials,2023.0,US20230175104A1,https://patents.google.com/patent/US20230175104A1/en,open_patent_html,transfer_real_ra_stability.csv,transfer_real_patent_structured,transfer_or_secondary,7.9,0.07,0.9,,,,,0.32,0.032,,690.0,250.0,0.43,43.0,patent_structured_microstructure_table,table_structured_patent,FRT800.0-HBA640.0x10.0h-Tsoak690.0/250.0s,US20230175104A1 Table 5 trial 3,Structured patent trial table extraction (US20230175104A1).,True,us20230175104_patent_trials|7.9|0.07|0.9|nan|690.0|250.0|0.43|patent_structured_microstructure_table
us20230175104_patent_trials,2023.0,US20230175104A1,https://patents.google.com/patent/US20230175104A1/en,open_patent_html,transfer_real_ra_stability.csv,transfer_real_patent_structured,transfer_or_secondary,7.9,0.07,0.9,,,,,0.32,0.032,,700.0,120.0,0.45,45.0,patent_structured_microstructure_table,table_structured_patent,FRT800.0-HBA640.0x10.0h-Tsoak700.0/120.0s,US20230175104A1 Table 5 trial 4,Structured patent trial table extraction (US20230175104A1).,True,us20230175104_patent_trials|7.9|0.07|0.9|nan|700.0|120.0|0.45|patent_structured_microstructure_table
us20230175104_patent_trials,2023.0,US20230175104A1,https://patents.google.com/patent/US20230175104A1/en,open_patent_html,transfer_real_ra_stability.csv,transfer_real_patent_structured,transfer_or_secondary,7.9,0.07,0.9,,,,,0.32,0.032,,720.0,100.0,0.5,50.0,patent_structured_microstructure_table,table_structured_patent,FRT800.0-HBA640.0x10.0h-Tsoak720.0/100.0s,US20230175104A1 Table 5 trial 5,Structured patent trial table extraction (US20230175104A1).,True,us20230175104_patent_trials|7.9|0.07|0.9|nan|720.0|100.0|0.5|patent_structured_microstructure_table
us20230175104_patent_trials,2023.0,US20230175104A1,https://patents.google.com/patent/US20230175104A1/en,open_patent_html,transfer_real_ra_stability.csv,transfer_real_patent_structured,transfer_or_secondary,7.6,0.1,0.92,0.31,,,,0.22,,,670.0,120.0,0.38,38.0,patent_structured_microstructure_table,table_structured_patent,FRT820.0-HBA640.0x40.0h-Tsoak670.0/120.0s,US20230175104A1 Table 5 trial 6,Structured patent trial table extraction (US20230175104A1).,True,us20230175104_patent_trials|7.6|0.1|0.92|0.31|670.0|120.0|0.38|patent_structured_microstructure_table
us20230175104_patent_trials,2023.0,US20230175104A1,https://patents.google.com/patent/US20230175104A1/en,open_patent_html,transfer_real_ra_stability.csv,transfer_real_patent_structured,transfer_or_secondary,7.6,0.1,0.92,0.31,,,,0.22,,,690.0,120.0,0.45,45.0,patent_structured_microstructure_table,table_structured_patent,FRT820.0-HBA640.0x40.0h-Tsoak690.0/120.0s,US20230175104A1 Table 5 trial 7,Structured patent trial table extraction (US20230175104A1).,True,us20230175104_patent_trials|7.6|0.1|0.92|0.31|690.0|120.0|0.45|patent_structured_microstructure_table
us20230175104_patent_trials,2023.0,US20230175104A1,https://patents.google.com/patent/US20230175104A1/en,open_patent_html,transfer_real_ra_stability.csv,transfer_real_patent_structured,transfer_or_secondary,7.6,0.1,0.92,0.31,,,,0.22,,,710.0,120.0,0.35,35.0,patent_structured_microstructure_table,table_structured_patent,FRT820.0-HBA640.0x40.0h-Tsoak710.0/120.0s,US20230175104A1 Table 5 trial 8,Structured patent trial table extraction (US20230175104A1).,True,us20230175104_patent_trials|7.6|0.1|0.92|0.31|710.0|120.0|0.35|patent_structured_microstructure_table
us20230175104_patent_trials,2023.0,US20230175104A1,https://patents.google.com/patent/US20230175104A1/en,open_patent_html,transfer_real_ra_stability.csv,transfer_real_patent_structured,transfer_or_secondary,10.0,0.07,2.14,0.05,,,,0.31,0.033,,670.0,1800.0,0.48,48.0,patent_structured_microstructure_table,table_structured_patent,FRT900.0-HBA620.0x10.0h-Tsoak670.0/1800.0s,US20230175104A1 Table 5 trial 9,Structured patent trial table extraction (US20230175104A1).,True,us20230175104_patent_trials|10.0|0.07|2.14|0.05|670.0|1800.0|0.48|patent_structured_microstructure_table
us20230175104_patent_trials,2023.0,US20230175104A1,https://patents.google.com/patent/US20230175104A1/en,open_patent_html,transfer_real_ra_stability.csv,transfer_real_patent_structured,transfer_or_secondary,8.0,0.05,1.03,0.04,,,,0.31,0.035,,670.0,3600.0,0.15,15.0,patent_structured_microstructure_table,table_structured_patent,FRT900.0-HBAnanxnanh-Tsoak670.0/3600.0s,US20230175104A1 Table 5 trial 10,Structured patent trial table extraction (US20230175104A1).,True,us20230175104_patent_trials|8.0|0.05|1.03|0.04|670.0|3600.0|0.15|patent_structured_microstructure_table
us20230175104_patent_trials,2023.0,US20230175104A1,https://patents.google.com/patent/US20230175104A1/en,open_patent_html,transfer_real_ra_stability.csv,transfer_real_patent_structured,transfer_or_secondary,8.0,0.05,1.03,0.04,,,,0.31,0.035,,675.0,300.0,0.44,44.0,patent_structured_microstructure_table,table_structured_patent,FRT900.0-HBAnanxnanh-Tsoak675.0/300.0s,US20230175104A1 Table 5 trial 11,Structured patent trial table extraction (US20230175104A1).,True,us20230175104_patent_trials|8.0|0.05|1.03|0.04|675.0|300.0|0.44|patent_structured_microstructure_table
us20230175104_patent_trials,2023.0,US20230175104A1,https://patents.google.com/patent/US20230175104A1/en,open_patent_html,transfer_real_ra_stability.csv,transfer_real_patent_structured,transfer_or_secondary,7.7,0.15,0.96,0.02,,,,0.22,,,690.0,120.0,0.35,35.0,patent_structured_microstructure_table,table_structured_patent,FRT850.0-HBA630.0x40.0h-Tsoak690.0/120.0s,US20230175104A1 Table 5 trial 12,Structured patent trial table extraction (US20230175104A1).,True,us20230175104_patent_trials|7.7|0.15|0.96|0.02|690.0|120.0|0.35|patent_structured_microstructure_table
us20230175104_patent_trials,2023.0,US20230175104A1,https://patents.google.com/patent/US20230175104A1/en,open_patent_html,transfer_real_ra_stability.csv,transfer_real_patent_structured,transfer_or_secondary,7.7,0.15,0.94,0.02,,,,0.22,,,690.0,120.0,0.5,50.0,patent_structured_microstructure_table,table_structured_patent,FRT850.0-HBA640.0x10.0h-Tsoak690.0/120.0s,US20230175104A1 Table 5 trial 13,Structured patent trial table extraction (US20230175104A1).,True,us20230175104_patent_trials|7.7|0.15|0.94|0.02|690.0|120.0|0.5|patent_structured_microstructure_table
us20230175104_patent_trials,2023.0,US20230175104A1,https://patents.google.com/patent/US20230175104A1/en,open_patent_html,transfer_real_ra_stability.csv,transfer_real_patent_structured,transfer_or_secondary,7.7,0.15,0.94,0.02,,,,0.22,,,700.0,120.0,0.53,53.0,patent_structured_microstructure_table,table_structured_patent,FRT850.0-HBA640.0x10.0h-Tsoak700.0/120.0s,US20230175104A1 Table 5 trial 14,Structured patent trial table extraction (US20230175104A1).,True,us20230175104_patent_trials|7.7|0.15|0.94|0.02|700.0|120.0|0.53|patent_structured_microstructure_table
us20230175104_patent_trials,2023.0,US20230175104A1,https://patents.google.com/patent/US20230175104A1/en,open_patent_html,transfer_real_ra_stability.csv,transfer_real_patent_structured,transfer_or_secondary,7.7,0.15,0.94,0.02,,,,0.22,,,710.0,120.0,0.55,55.0,patent_structured_microstructure_table,table_structured_patent,FRT850.0-HBA640.0x10.0h-Tsoak710.0/120.0s,US20230175104A1 Table 5 trial 15,Structured patent trial table extraction (US20230175104A1).,True,us20230175104_patent_trials|7.7|0.15|0.94|0.02|710.0|120.0|0.55|patent_structured_microstructure_table
us20230295782_patent_trials,2023.0,US20230295782A1,https://patents.google.com/patent/US20230295782A1/en,open_patent_html,transfer_real_ra_stability.csv,transfer_real_patent_structured,transfer_or_secondary,7.7,0.16,0.96,0.809,,,,0.22,0.018,,450.0,250.0,0.24,24.0,patent_structured_microstructure_table,table_structured_patent,FRT900.0-CT450.0-HBA640.0x10.0h-CR50.0-Tsoak830.0/120.0s-Q100.0-P450.0/250.0s,US20230295782A1 Table 5 trial 1,Structured patent trial table extraction (US20230295782A1).,True,us20230295782_patent_trials|7.7|0.16|0.96|0.809|450.0|250.0|0.24|patent_structured_microstructure_table
us20230295782_patent_trials,2023.0,US20230295782A1,https://patents.google.com/patent/US20230295782A1/en,open_patent_html,transfer_real_ra_stability.csv,transfer_real_patent_structured,transfer_or_secondary,7.7,0.16,0.96,0.809,,,,0.22,0.018,,450.0,250.0,0.23,23.0,patent_structured_microstructure_table,table_structured_patent,FRT900.0-CT450.0-HBA640.0x10.0h-CR50.0-Tsoak830.0/120.0s-Q70.0-P450.0/250.0s,US20230295782A1 Table 5 trial 2,Structured patent trial table extraction (US20230295782A1).,True,us20230295782_patent_trials|7.7|0.16|0.96|0.809|450.0|250.0|0.23|patent_structured_microstructure_table
us20230295782_patent_trials,2023.0,US20230295782A1,https://patents.google.com/patent/US20230295782A1/en,open_patent_html,transfer_real_ra_stability.csv,transfer_real_patent_structured,transfer_or_secondary,7.7,0.16,0.96,0.809,,,,0.22,0.018,,450.0,100.0,0.23,23.0,patent_structured_microstructure_table,table_structured_patent,FRT900.0-CT450.0-HBA640.0x10.0h-CR50.0-Tsoak830.0/120.0s-Q60.0-P450.0/100.0s,US20230295782A1 Table 5 trial 3,Structured patent trial table extraction (US20230295782A1).,True,us20230295782_patent_trials|7.7|0.16|0.96|0.809|450.0|100.0|0.23|patent_structured_microstructure_table
us20230295782_patent_trials,2023.0,US20230295782A1,https://patents.google.com/patent/US20230295782A1/en,open_patent_html,transfer_real_ra_stability.csv,transfer_real_patent_structured,transfer_or_secondary,7.7,0.16,0.96,0.809,,,,0.22,0.018,,400.0,250.0,0.15,15.0,patent_structured_microstructure_table,table_structured_patent,FRT900.0-CT450.0-HBA640.0x10.0h-CR50.0-Tsoak800.0/120.0s-Q30.0-P400.0/250.0s,US20230295782A1 Table 5 trial 5,Structured patent trial table extraction (US20230295782A1).,True,us20230295782_patent_trials|7.7|0.16|0.96|0.809|400.0|250.0|0.15|patent_structured_microstructure_table
us20230295782_patent_trials,2023.0,US20230295782A1,https://patents.google.com/patent/US20230295782A1/en,open_patent_html,transfer_real_ra_stability.csv,transfer_real_patent_structured,transfer_or_secondary,7.7,0.16,0.96,0.809,,,,0.22,0.018,,450.0,250.0,0.26,26.0,patent_structured_microstructure_table,table_structured_patent,FRT900.0-CT450.0-HBA640.0x10.0h-CR50.0-Tsoak780.0/120.0s-Q70.0-P450.0/250.0s,US20230295782A1 Table 5 trial 6,Structured patent trial table extraction (US20230295782A1).,True,us20230295782_patent_trials|7.7|0.16|0.96|0.809|450.0|250.0|0.26|patent_structured_microstructure_table
us20230295782_patent_trials,2023.0,US20230295782A1,https://patents.google.com/patent/US20230295782A1/en,open_patent_html,transfer_real_ra_stability.csv,transfer_real_patent_structured,transfer_or_secondary,7.7,0.16,0.96,0.809,,,,0.22,0.018,,450.0,250.0,0.22,22.0,patent_structured_microstructure_table,table_structured_patent,FRT900.0-CT450.0-HBA640.0x10.0h-CR50.0-Tsoak780.0/120.0s-Q40.0-P450.0/250.0s,US20230295782A1 Table 5 trial 7,Structured patent trial table extraction (US20230295782A1).,True,us20230295782_patent_trials|7.7|0.16|0.96|0.809|450.0|250.0|0.22|patent_structured_microstructure_table
us20230295782_patent_trials,2023.0,US20230295782A1,https://patents.google.com/patent/US20230295782A1/en,open_patent_html,transfer_real_ra_stability.csv,transfer_real_patent_structured,transfer_or_secondary,7.0,0.15,0.03,0.295,,,,0.2,0.022,,440.0,220.0,0.33,33.0,patent_structured_microstructure_table,table_structured_patent,FRT850.0-CT450.0-HBA650.0x40.0h-CR50.0-Tsoak780.0/120.0s-Q80.0-P440.0/220.0s,US20230295782A1 Table 5 trial 9,Structured patent trial table extraction (US20230295782A1).,True,us20230295782_patent_trials|7.0|0.15|0.03|0.295|440.0|220.0|0.33|patent_structured_microstructure_table
us20230295782_patent_trials,2023.0,US20230295782A1,https://patents.google.com/patent/US20230295782A1/en,open_patent_html,transfer_real_ra_stability.csv,transfer_real_patent_structured,transfer_or_secondary,7.0,0.15,0.03,0.295,,,,0.2,0.022,,440.0,220.0,0.31,31.0,patent_structured_microstructure_table,table_structured_patent,FRT850.0-CT450.0-HBA650.0x40.0h-CR50.0-Tsoak820.0/120.0s-Q90.0-P440.0/220.0s,US20230295782A1 Table 5 trial 10,Structured patent trial table extraction (US20230295782A1).,True,us20230295782_patent_trials|7.0|0.15|0.03|0.295|440.0|220.0|0.31|patent_structured_microstructure_table
us20230295782_patent_trials,2023.0,US20230295782A1,https://patents.google.com/patent/US20230295782A1/en,open_patent_html,transfer_real_ra_stability.csv,transfer_real_patent_structured,transfer_or_secondary,7.0,0.15,0.03,0.295,,,,0.2,0.022,,440.0,220.0,0.24,24.0,patent_structured_microstructure_table,table_structured_patent,FRT850.0-CT450.0-HBA650.0x40.0h-CR50.0-Tsoak850.0/120.0s-Q62.0-P440.0/220.0s,US20230295782A1 Table 5 trial 11,Structured patent trial table extraction (US20230295782A1).,True,us20230295782_patent_trials|7.0|0.15|0.03|0.295|440.0|220.0|0.24|patent_structured_microstructure_table
us20230295782_patent_trials,2023.0,US20230295782A1,https://patents.google.com/patent/US20230295782A1/en,open_patent_html,transfer_real_ra_stability.csv,transfer_real_patent_structured,transfer_or_secondary,7.0,0.15,0.03,0.295,,,,0.2,0.022,,440.0,220.0,0.3,30.0,patent_structured_microstructure_table,table_structured_patent,FRT850.0-CT450.0-HBA650.0x40.0h-CR50.0-Tsoak850.0/120.0s-Q100.0-P440.0/220.0s,US20230295782A1 Table 5 trial 12,Structured patent trial table extraction (US20230295782A1).,True,us20230295782_patent_trials|7.0|0.15|0.03|0.295|440.0|220.0|0.3|patent_structured_microstructure_table
us20230295782_patent_trials,2023.0,US20230295782A1,https://patents.google.com/patent/US20230295782A1/en,open_patent_html,transfer_real_ra_stability.csv,transfer_real_patent_structured,transfer_or_secondary,3.9,0.19,0.39,1.27,,,,0.2,0.02,,440.0,240.0,0.12,12.0,patent_structured_microstructure_table,table_structured_patent,FRT850.0-CT450.0-HBA630.0x17.0h-CR50.0-Tsoak820.0/140.0s-Q180.0-P440.0/240.0s,US20230295782A1 Table 5 trial 13,Structured patent trial table extraction (US20230295782A1).,True,us20230295782_patent_trials|3.9|0.19|0.39|1.27|440.0|240.0|0.12|patent_structured_microstructure_table
us20230295782_patent_trials,2023.0,US20230295782A1,https://patents.google.com/patent/US20230295782A1/en,open_patent_html,transfer_real_ra_stability.csv,transfer_real_patent_structured,transfer_or_secondary,3.8,0.17,0.757,1.52,,,,0.2,0.03,,400.0,220.0,0.18,18.0,patent_structured_microstructure_table,table_structured_patent,FRT900.0-CT450.0-HBA600.0x5.0h-CR50.0-Tsoak840.0/100.0s-Q140.0-P400.0/220.0s,US20230295782A1 Table 5 trial 14,Structured patent trial table extraction (US20230295782A1).,True,us20230295782_patent_trials|3.8|0.17|0.757|1.52|400.0|220.0|0.18|patent_structured_microstructure_table
us20230295782_patent_trials,2023.0,US20230295782A1,https://patents.google.com/patent/US20230295782A1/en,open_patent_html,transfer_real_ra_stability.csv,transfer_real_patent_structured,transfer_or_secondary,4.0,0.21,0.034,1.5,,,,0.001,,,450.0,120.0,0.14,14.0,patent_structured_microstructure_table,table_structured_patent,FRT900.0-CT30.0-HBA600.0x6.0h-CR50.0-Tsoak830.0/30.0s-Q170.0-P450.0/120.0s,US20230295782A1 Table 5 trial 15,Structured patent trial table extraction (US20230295782A1).,True,us20230295782_patent_trials|4.0|0.21|0.034|1.5|450.0|120.0|0.14|patent_structured_microstructure_table
arlazarov_thesis_2015,2015.0,arlazarov_thesis_2015,http://docnum.univ-lorraine.fr/public/DDOC_T_2015_0086_ARLAZAROV.pdf,open_thesis_pdf,transfer_real_ra_stability.csv,transfer_real_thesis_structured,transfer_or_secondary,4.7,0.098,,,,,,,,,650.0,180.0,0.146,14.6,thesis_multi_method_table,table_thesis,cold-rolled ART at 650C with variable holding time then water quench,Arlazarov Thesis Table (page 109) 3min WQ,Arlazarov thesis Table on RA evolution at 650C hold then WQ.,True,arlazarov_thesis_2015|4.7|0.098|nan|nan|650.0|180.0|0.146|thesis_multi_method_table
arlazarov_thesis_2015,2015.0,arlazarov_thesis_2015,http://docnum.univ-lorraine.fr/public/DDOC_T_2015_0086_ARLAZAROV.pdf,open_thesis_pdf,transfer_real_ra_stability.csv,transfer_real_thesis_structured,transfer_or_secondary,4.7,0.098,,,,,,,,,650.0,600.0,0.214,21.4,thesis_multi_method_table,table_thesis,cold-rolled ART at 650C with variable holding time then water quench,Arlazarov Thesis Table (page 109) 10min WQ,Arlazarov thesis Table on RA evolution at 650C hold then WQ.,True,arlazarov_thesis_2015|4.7|0.098|nan|nan|650.0|600.0|0.214|thesis_multi_method_table
arlazarov_thesis_2015,2015.0,arlazarov_thesis_2015,http://docnum.univ-lorraine.fr/public/DDOC_T_2015_0086_ARLAZAROV.pdf,open_thesis_pdf,transfer_real_ra_stability.csv,transfer_real_thesis_structured,transfer_or_secondary,4.7,0.098,,,,,,,,,650.0,1800.0,0.259,25.9,thesis_multi_method_table,table_thesis,cold-rolled ART at 650C with variable holding time then water quench,Arlazarov Thesis Table (page 109) 30min WQ,Arlazarov thesis Table on RA evolution at 650C hold then WQ.,True,arlazarov_thesis_2015|4.7|0.098|nan|nan|650.0|1800.0|0.259|thesis_multi_method_table
arlazarov_thesis_2015,2015.0,arlazarov_thesis_2015,http://docnum.univ-lorraine.fr/public/DDOC_T_2015_0086_ARLAZAROV.pdf,open_thesis_pdf,transfer_real_ra_stability.csv,transfer_real_thesis_structured,transfer_or_secondary,4.7,0.098,,,,,,,,,650.0,3600.0,0.301,30.1,thesis_multi_method_table,table_thesis,cold-rolled ART at 650C with variable holding time then water quench,Arlazarov Thesis Table (page 109) 1h WQ,Arlazarov thesis Table on RA evolution at 650C hold then WQ.,True,arlazarov_thesis_2015|4.7|0.098|nan|nan|650.0|3600.0|0.301|thesis_multi_method_table
arlazarov_thesis_2015,2015.0,arlazarov_thesis_2015,http://docnum.univ-lorraine.fr/public/DDOC_T_2015_0086_ARLAZAROV.pdf,open_thesis_pdf,transfer_real_ra_stability.csv,transfer_real_thesis_structured,transfer_or_secondary,4.7,0.098,,,,,,,,,650.0,7200.0,0.262,26.2,thesis_multi_method_table,table_thesis,cold-rolled ART at 650C with variable holding time then water quench,Arlazarov Thesis Table (page 109) 2h WQ,Arlazarov thesis Table on RA evolution at 650C hold then WQ.,True,arlazarov_thesis_2015|4.7|0.098|nan|nan|650.0|7200.0|0.262|thesis_multi_method_table
arlazarov_thesis_2015,2015.0,arlazarov_thesis_2015,http://docnum.univ-lorraine.fr/public/DDOC_T_2015_0086_ARLAZAROV.pdf,open_thesis_pdf,transfer_real_ra_stability.csv,transfer_real_thesis_structured,transfer_or_secondary,4.7,0.098,,,,,,,,,650.0,10800.0,0.257,25.7,thesis_multi_method_table,table_thesis,cold-rolled ART at 650C with variable holding time then water quench,Arlazarov Thesis Table (page 109) 3h WQ,Arlazarov thesis Table on RA evolution at 650C hold then WQ.,True,arlazarov_thesis_2015|4.7|0.098|nan|nan|650.0|10800.0|0.257|thesis_multi_method_table
arlazarov_thesis_2015,2015.0,arlazarov_thesis_2015,http://docnum.univ-lorraine.fr/public/DDOC_T_2015_0086_ARLAZAROV.pdf,open_thesis_pdf,transfer_real_ra_stability.csv,transfer_real_thesis_structured,transfer_or_secondary,4.7,0.098,,,,,,,,,650.0,25200.0,0.226,22.6,thesis_multi_method_table,table_thesis,cold-rolled ART at 650C with variable holding time then water quench,Arlazarov Thesis Table (page 109) 7h WQ,Arlazarov thesis Table on RA evolution at 650C hold then WQ.,True,arlazarov_thesis_2015|4.7|0.098|nan|nan|650.0|25200.0|0.226|thesis_multi_method_table
arlazarov_thesis_2015,2015.0,arlazarov_thesis_2015,http://docnum.univ-lorraine.fr/public/DDOC_T_2015_0086_ARLAZAROV.pdf,open_thesis_pdf,transfer_real_ra_stability.csv,transfer_real_thesis_structured,transfer_or_secondary,4.7,0.098,,,,,,,,,650.0,36000.0,0.225,22.5,thesis_multi_method_table,table_thesis,cold-rolled ART at 650C with variable holding time then water quench,Arlazarov Thesis Table (page 109) 10h WQ,Arlazarov thesis Table on RA evolution at 650C hold then WQ.,True,arlazarov_thesis_2015|4.7|0.098|nan|nan|650.0|36000.0|0.225|thesis_multi_method_table
arlazarov_thesis_2015,2015.0,arlazarov_thesis_2015,http://docnum.univ-lorraine.fr/public/DDOC_T_2015_0086_ARLAZAROV.pdf,open_thesis_pdf,transfer_real_ra_stability.csv,transfer_real_thesis_structured,transfer_or_secondary,4.7,0.098,,,,,,,,,650.0,72000.0,0.21100000000000002,21.1,thesis_multi_method_table,table_thesis,cold-rolled ART at 650C with variable holding time then water quench,Arlazarov Thesis Table (page 109) 20h WQ,Arlazarov thesis Table on RA evolution at 650C hold then WQ.,True,arlazarov_thesis_2015|4.7|0.098|nan|nan|650.0|72000.0|0.211|thesis_multi_method_table
arlazarov_thesis_2015,2015.0,arlazarov_thesis_2015,http://docnum.univ-lorraine.fr/public/DDOC_T_2015_0086_ARLAZAROV.pdf,open_thesis_pdf,transfer_real_ra_stability.csv,transfer_real_thesis_structured,transfer_or_secondary,4.7,0.098,,,,,,,,,650.0,108000.0,0.203,20.3,thesis_multi_method_table,table_thesis,cold-rolled ART at 650C with variable holding time then water quench,Arlazarov Thesis Table (page 109) 30h WQ,Arlazarov thesis Table on RA evolution at 650C hold then WQ.,True,arlazarov_thesis_2015|4.7|0.098|nan|nan|650.0|108000.0|0.203|thesis_multi_method_table
arlazarov_thesis_2015_gba,2015.0,arlazarov_thesis_2015,http://docnum.univ-lorraine.fr/public/DDOC_T_2015_0086_ARLAZAROV.pdf,open_thesis_pdf,transfer_real_ra_stability.csv,transfer_real_thesis_structured,transfer_or_secondary,4.7,0.098,,,,,,,,,697.0,72000.0,0.2,20.0,XRD,table_thesis,gradient-batch-anneal 20h then air cool (GBA trial),Arlazarov Thesis Table 16 (page 174) TC=697.0,Measured RA by XRD in gradient batch annealing trial; RA column converted from 0.xx to percent.,True,arlazarov_thesis_2015_gba|4.7|0.098|nan|nan|697.0|72000.0|0.2|xrd
arlazarov_thesis_2015_gba,2015.0,arlazarov_thesis_2015,http://docnum.univ-lorraine.fr/public/DDOC_T_2015_0086_ARLAZAROV.pdf,open_thesis_pdf,transfer_real_ra_stability.csv,transfer_real_thesis_structured,transfer_or_secondary,4.7,0.098,,,,,,,,,690.0,72000.0,0.28,28.000000000000004,XRD,table_thesis,gradient-batch-anneal 20h then air cool (GBA trial),Arlazarov Thesis Table 16 (page 174) TC=690.0,Measured RA by XRD in gradient batch annealing trial; RA column converted from 0.xx to percent.,True,arlazarov_thesis_2015_gba|4.7|0.098|nan|nan|690.0|72000.0|0.28|xrd
arlazarov_thesis_2015_gba,2015.0,arlazarov_thesis_2015,http://docnum.univ-lorraine.fr/public/DDOC_T_2015_0086_ARLAZAROV.pdf,open_thesis_pdf,transfer_real_ra_stability.csv,transfer_real_thesis_structured,transfer_or_secondary,4.7,0.098,,,,,,,,,684.0,72000.0,0.28,28.000000000000004,XRD,table_thesis,gradient-batch-anneal 20h then air cool (GBA trial),Arlazarov Thesis Table 16 (page 174) TC=684.0,Measured RA by XRD in gradient batch annealing trial; RA column converted from 0.xx to percent.,True,arlazarov_thesis_2015_gba|4.7|0.098|nan|nan|684.0|72000.0|0.28|xrd
arlazarov_thesis_2015_gba,2015.0,arlazarov_thesis_2015,http://docnum.univ-lorraine.fr/public/DDOC_T_2015_0086_ARLAZAROV.pdf,open_thesis_pdf,transfer_real_ra_stability.csv,transfer_real_thesis_structured,transfer_or_secondary,4.7,0.098,,,,,,,,,678.0,72000.0,0.27,27.0,XRD,table_thesis,gradient-batch-anneal 20h then air cool (GBA trial),Arlazarov Thesis Table 16 (page 174) TC=678.0,Measured RA by XRD in gradient batch annealing trial; RA column converted from 0.xx to percent.,True,arlazarov_thesis_2015_gba|4.7|0.098|nan|nan|678.0|72000.0|0.27|xrd
arlazarov_thesis_2015_gba,2015.0,arlazarov_thesis_2015,http://docnum.univ-lorraine.fr/public/DDOC_T_2015_0086_ARLAZAROV.pdf,open_thesis_pdf,transfer_real_ra_stability.csv,transfer_real_thesis_structured,transfer_or_secondary,4.7,0.098,,,,,,,,,671.0,72000.0,0.3,30.0,XRD,table_thesis,gradient-batch-anneal 20h then air cool (GBA trial),Arlazarov Thesis Table 16 (page 174) TC=671.0,Measured RA by XRD in gradient batch annealing trial; RA column converted from 0.xx to percent.,True,arlazarov_thesis_2015_gba|4.7|0.098|nan|nan|671.0|72000.0|0.3|xrd
arlazarov_thesis_2015_gba,2015.0,arlazarov_thesis_2015,http://docnum.univ-lorraine.fr/public/DDOC_T_2015_0086_ARLAZAROV.pdf,open_thesis_pdf,transfer_real_ra_stability.csv,transfer_real_thesis_structured,transfer_or_secondary,4.7,0.098,,,,,,,,,665.0,72000.0,0.27,27.0,XRD,table_thesis,gradient-batch-anneal 20h then air cool (GBA trial),Arlazarov Thesis Table 16 (page 174) TC=665.0,Measured RA by XRD in gradient batch annealing trial; RA column converted from 0.xx to percent.,True,arlazarov_thesis_2015_gba|4.7|0.098|nan|nan|665.0|72000.0|0.27|xrd
arlazarov_thesis_2015_gba,2015.0,arlazarov_thesis_2015,http://docnum.univ-lorraine.fr/public/DDOC_T_2015_0086_ARLAZAROV.pdf,open_thesis_pdf,transfer_real_ra_stability.csv,transfer_real_thesis_structured,transfer_or_secondary,4.7,0.098,,,,,,,,,658.0,72000.0,0.25,25.0,XRD,table_thesis,gradient-batch-anneal 20h then air cool (GBA trial),Arlazarov Thesis Table 16 (page 174) TC=658.0,Measured RA by XRD in gradient batch annealing trial; RA column converted from 0.xx to percent.,True,arlazarov_thesis_2015_gba|4.7|0.098|nan|nan|658.0|72000.0|0.25|xrd
arlazarov_thesis_2015_gba,2015.0,arlazarov_thesis_2015,http://docnum.univ-lorraine.fr/public/DDOC_T_2015_0086_ARLAZAROV.pdf,open_thesis_pdf,transfer_real_ra_stability.csv,transfer_real_thesis_structured,transfer_or_secondary,4.7,0.098,,,,,,,,,652.0,72000.0,0.24,24.0,XRD,table_thesis,gradient-batch-anneal 20h then air cool (GBA trial),Arlazarov Thesis Table 16 (page 174) TC=652.0,Measured RA by XRD in gradient batch annealing trial; RA column converted from 0.xx to percent.,True,arlazarov_thesis_2015_gba|4.7|0.098|nan|nan|652.0|72000.0|0.24|xrd
arlazarov_thesis_2015_gba,2015.0,arlazarov_thesis_2015,http://docnum.univ-lorraine.fr/public/DDOC_T_2015_0086_ARLAZAROV.pdf,open_thesis_pdf,transfer_real_ra_stability.csv,transfer_real_thesis_structured,transfer_or_secondary,4.7,0.098,,,,,,,,,646.0,72000.0,0.22,22.0,XRD,table_thesis,gradient-batch-anneal 20h then air cool (GBA trial),Arlazarov Thesis Table 16 (page 174) TC=646.0,Measured RA by XRD in gradient batch annealing trial; RA column converted from 0.xx to percent.,True,arlazarov_thesis_2015_gba|4.7|0.098|nan|nan|646.0|72000.0|0.22|xrd
arlazarov_thesis_2015_gba,2015.0,arlazarov_thesis_2015,http://docnum.univ-lorraine.fr/public/DDOC_T_2015_0086_ARLAZAROV.pdf,open_thesis_pdf,transfer_real_ra_stability.csv,transfer_real_thesis_structured,transfer_or_secondary,4.7,0.098,,,,,,,,,639.0,72000.0,0.2,20.0,XRD,table_thesis,gradient-batch-anneal 20h then air cool (GBA trial),Arlazarov Thesis Table 16 (page 174) TC=639.0,Measured RA by XRD in gradient batch annealing trial; RA column converted from 0.xx to percent.,True,arlazarov_thesis_2015_gba|4.7|0.098|nan|nan|639.0|72000.0|0.2|xrd
arlazarov_thesis_2015_gba,2015.0,arlazarov_thesis_2015,http://docnum.univ-lorraine.fr/public/DDOC_T_2015_0086_ARLAZAROV.pdf,open_thesis_pdf,transfer_real_ra_stability.csv,transfer_real_thesis_structured,transfer_or_secondary,4.7,0.098,,,,,,,,,633.0,72000.0,0.17,17.0,XRD,table_thesis,gradient-batch-anneal 20h then air cool (GBA trial),Arlazarov Thesis Table 16 (page 174) TC=633.0,Measured RA by XRD in gradient batch annealing trial; RA column converted from 0.xx to percent.,True,arlazarov_thesis_2015_gba|4.7|0.098|nan|nan|633.0|72000.0|0.17|xrd
arlazarov_thesis_2015_gba,2015.0,arlazarov_thesis_2015,http://docnum.univ-lorraine.fr/public/DDOC_T_2015_0086_ARLAZAROV.pdf,open_thesis_pdf,transfer_real_ra_stability.csv,transfer_real_thesis_structured,transfer_or_secondary,4.7,0.098,,,,,,,,,626.0,72000.0,0.14,14.000000000000002,XRD,table_thesis,gradient-batch-anneal 20h then air cool (GBA trial),Arlazarov Thesis Table 16 (page 174) TC=626.0,Measured RA by XRD in gradient batch annealing trial; RA column converted from 0.xx to percent.,True,arlazarov_thesis_2015_gba|4.7|0.098|nan|nan|626.0|72000.0|0.14|xrd
arlazarov_thesis_2015_gba,2015.0,arlazarov_thesis_2015,http://docnum.univ-lorraine.fr/public/DDOC_T_2015_0086_ARLAZAROV.pdf,open_thesis_pdf,transfer_real_ra_stability.csv,transfer_real_thesis_structured,transfer_or_secondary,4.7,0.098,,,,,,,,,620.0,72000.0,0.09,9.0,XRD,table_thesis,gradient-batch-anneal 20h then air cool (GBA trial),Arlazarov Thesis Table 16 (page 174) TC=620.0,Measured RA by XRD in gradient batch annealing trial; RA column converted from 0.xx to percent.,True,arlazarov_thesis_2015_gba|4.7|0.098|nan|nan|620.0|72000.0|0.09|xrd
arlazarov_thesis_2015_gba,2015.0,arlazarov_thesis_2015,http://docnum.univ-lorraine.fr/public/DDOC_T_2015_0086_ARLAZAROV.pdf,open_thesis_pdf,transfer_real_ra_stability.csv,transfer_real_thesis_structured,transfer_or_secondary,4.7,0.098,,,,,,,,,614.0,72000.0,0.06,6.0,XRD,table_thesis,gradient-batch-anneal 20h then air cool (GBA trial),Arlazarov Thesis Table 16 (page 174) TC=614.0,Measured RA by XRD in gradient batch annealing trial; RA column converted from 0.xx to percent.,True,arlazarov_thesis_2015_gba|4.7|0.098|nan|nan|614.0|72000.0|0.06|xrd
arlazarov_thesis_2015_gba,2015.0,arlazarov_thesis_2015,http://docnum.univ-lorraine.fr/public/DDOC_T_2015_0086_ARLAZAROV.pdf,open_thesis_pdf,transfer_real_ra_stability.csv,transfer_real_thesis_structured,transfer_or_secondary,4.7,0.098,,,,,,,,,607.0,72000.0,0.03,3.0,XRD,table_thesis,gradient-batch-anneal 20h then air cool (GBA trial),Arlazarov Thesis Table 16 (page 174) TC=607.0,Measured RA by XRD in gradient batch annealing trial; RA column converted from 0.xx to percent.,True,arlazarov_thesis_2015_gba|4.7|0.098|nan|nan|607.0|72000.0|0.03|xrd
